id,lang,feature_id,company,project_name,province,location,capital_cost,capital_cost_range,status,clean_technology,clean_technology_type,line_type,lat,lon,paths,feature_type,fetched_at
2394,en,76,Blue Fuel Energy Corp.,Clean Methanol Plant,British Columbia,Chetwynd,"1,000.00","1,000 - 2,500",Planned,Yes,Bioenergy,,55.69815303268969,-121.62970637520029,,point,2026-03-27 08:15:27.386666
2395,en,536,ecoTECH Energy Group (Canada) Inc,Biomass Project - McBride,British Columbia,McBride,140.00,100 - 250,Planned,Yes,Bioenergy,,53.342923128836276,-120.26762021633148,,point,2026-03-27 08:15:27.386666
2396,en,703,Éthanol Cellulosique Varennes s.e.c. (Recyclage Carbone Varennes),Usine de carburant à faible intensité carbone (inclut un électrolyseur),Quebec,Varennes,"1,200.00","1,000 - 2,500",Under Construction,Yes,Bioenergy,,45.681224190687864,-73.43509360332713,,point,2026-03-27 08:15:27.386666
2397,en,758,Pristine Power Inc./Cheslatta Forest Products,Cheslatta Green Energy Project,British Columbia,Burns Lake,46.00,10 - 50 ,Planned,Yes,Bioenergy,,53.579205533293006,-124.95001710191428,,point,2026-03-27 08:15:27.386666
2398,en,970,Creative Energy Vancouver Platforms Inc.,Creative Energy Plant,British Columbia,Vancouver,100.00,100 - 250,Under Construction,Yes,Bioenergy,,49.27818960970724,-123.11245344429159,,point,2026-03-27 08:15:27.386666
2399,en,2114,Chantiers Chibougamau inc.,Centrale de cogénération Assinica,Quebec,Lebel-sur-Quévillon,342.00,250 - 500,Planned,Yes,Bioenergy,,49.93405783371148,-74.33350629654286,,point,2026-03-27 08:15:27.386666
2400,en,2115,Cogénération Val-d'Or,Cogénération Val-d'Or,Quebec,Val-d'Or,72.00,50 - 100,Planned,Yes,Bioenergy,,48.14852540375368,-77.79189830123957,,point,2026-03-27 08:15:27.386666
2401,en,2121,Ainsworth Energy Co. Ltd.,Anahim Lake Bioenergy Project,British Columbia,"Cariboo, Anahim Lake",15.00,10 - 50 ,Planned,Yes,Bioenergy,,52.41840330533732,-126.48629291719534,,point,2026-03-27 08:15:27.386666
2402,en,2122,Yun Ka Whu'ten Holdings,Biomass Project - Anahim Lake,British Columbia,"Cariboo, Anahim Lake",15.00,10 - 50 ,Planned,Yes,Bioenergy,,52.46535345624128,-125.31755776109446,,point,2026-03-27 08:15:27.386666
2403,en,2123,Ainsworth Energy Co. Ltd.,Tumbler Ridge Bioenergy Project,British Columbia,"Thompson, Okanagan, Kelowna",15.00,10 - 50 ,Planned,Yes,Bioenergy,,50.02465907974658,-119.37344401338525,,point,2026-03-27 08:15:27.386666
2404,en,2124,Nations Energy Corp.,Biomass Project - Kamloops,British Columbia,"Thompson, Okanagan, Kamloops",15.00,10 - 50 ,Planned,Yes,Bioenergy,,50.716193995918665,-120.38900139195297,,point,2026-03-27 08:15:27.386666
2405,en,3600,Fibre Pontiac,Fibre Pontiac (The Biomass Conversion Centre),Quebec,Pontiac,120.00,100 - 250,Planned,Yes,Bioenergy,,45.54231605809882,-76.10905848348709,,point,2026-03-27 08:15:27.386666
2406,en,4104,Canfor Corporation/Licella,Biofuel Facility,British Columbia,Prince George,70.00,50 - 100,Planned,Yes,Bioenergy,,53.92241583182545,-122.74572286801184,,point,2026-03-27 08:15:27.390000
2407,en,4154,Sustane Technologies,Sustane Chester,Nova Scotia,"Chester, NS",16.00,10 - 50 ,Under Construction,Yes,Bioenergy,,44.71885929532686,-64.23958942328696,,point,2026-03-27 08:15:27.390000
2408,en,5076,Résolve Énergie,Usine de production d'éthanol cellulosique,Quebec,Chaudière-Appalaches,300.00,250 - 500,Planned,Yes,Bioenergy,,46.48334082923308,-70.61666490630381,,point,2026-03-27 08:15:27.390000
2409,en,5077,Greenfield Global,Agrandissement usine d'éthanol à Varennes,Quebec,Varennes,120.00,100 - 250,Planned,Yes,Bioenergy,,45.68201108867333,-73.44098453886596,,point,2026-03-27 08:15:27.390000
2410,en,6002,Highwood Organics Processing,Aldersyde Bioenergy Facility,Alberta,Foothills No. 31,25.00,10 - 50 ,Planned,Yes,Bioenergy,,50.63106673924745,-113.87502409508629,,point,2026-03-27 08:15:27.390000
2411,en,6088,Expander Energy,Slave Lake Bio-Mass/Gas to Liquids Plant (Phase 1),Alberta,Lesser Slave River No.124,30.00,10 - 50 ,Planned,Yes,Bioenergy,,55.26504493081816,-114.57518575876578,,point,2026-03-27 08:15:27.390000
2412,en,6090,Imperial Oil Ltd.,Strathcona Refinery Renewable Diesel Expansion,Alberta,Strathcona County,720.00,500 - 750,Under Construction,Yes,Bioenergy,,53.546099982986796,-113.38417287374237,,point,2026-03-27 08:15:27.390000
2413,en,6098,Elkem Métal Canada,Usine de démonstration de fabrication de briquettes de biocarbone,Quebec,Chicoutimi,46.00,10 - 50 ,Under Construction,Yes,Bioenergy,,48.41233981336846,-71.1298496143123,,point,2026-03-27 08:15:27.390000
2414,en,7029,Federated Co-operatives Limited,FCL HDRD Plant,Saskatchewan,Regina,"2,000.00","1,000 - 2,500",Planned,Yes,Bioenergy,,50.43936850516761,-104.72685984383412,,point,2026-03-27 08:15:27.390000
2415,en,7035,Green Impact Partners (In partnership with Carbon Clean Energy and PCL Construction),Future Energy Park Renewable Natural Gas and Ethanol Project,Alberta,Calgary,"1,200.00","1,000 - 2,500",Planned,Yes,Bioenergy,,51.010139761953205,-113.91401420907387,,point,2026-03-27 08:15:27.390000
2416,en,7077,SAF + Consortium,SAF Consortium,Quebec,Montreal,200.00,100 - 250,Planned,Yes,Bioenergy,,45.597554774103884,-73.60407836987785,,point,2026-03-27 08:15:27.390000
2417,en,7086,Énergir/WM Québec,WM Sainte-Sophie Landfill RNG Facility,Quebec,Saint-Sophie,200.00,100 - 250,Planned,Yes,Bioenergy,,45.84605120020925,-73.94108478705101,,point,2026-03-27 08:15:27.390000
2418,en,8319,Covenant Energy Ltd.,Covenant Energy  Renewable Diesel Facility,Saskatchewan,Lloydminster,920.00,"750 - 1,000",Planned,Yes,Bioenergy,,53.29464695644856,-109.98372702277987,,point,2026-03-27 08:15:27.390000
2419,en,3402,Dow Chemical Canada,Dow Net-Zero Polyethylene and Ethylene Derivatives Facility,Alberta,Fort Saskatchewan,"11,500.00","10,000 +",Under Construction,Yes,Carbon Capture and Storage,,53.7339050194484,-113.17216889065274,,point,2026-03-27 08:15:27.390000
2420,en,6028,TransAlta Corporation,Glacier Gas Plant CSS (Phase 2),Alberta,Saddle Hills County,100.00,100 - 250,Planned,Yes,Carbon Capture and Storage,,55.559547296971765,-119.60377693245539,,point,2026-03-27 08:15:27.390000
2421,en,6067,Northern Petrochemical Corp.,Northern Petrochemical Ammonia and Methanol Production Facility,Alberta,Greenview No. 16,"2,500.00","2,500 - 5,000",Planned,Yes,Carbon Capture and Storage,,54.760771401331205,-118.57240841210825,,point,2026-03-27 08:15:27.390000
2422,en,7040,Heidelberg Materials,Heidelberg Materials Carbon Capture Utilization and Storage Hub,Alberta,Edmonton,"1,360.00","1,000 - 2,500",Planned,Yes,Carbon Capture and Storage,,53.57980695822925,-113.60601493535256,,point,2026-03-27 08:15:27.390000
2423,en,7069,The Pathways Alliance,Pathways Alliance Carbon Capture Storage Hub (Phase 1),Alberta,Improvement District No. 349|Wood Buffalo|Lac la Biche County|Improvement District No. 24 Wood Buffalo|Bonnyville No. 87,"16,500.00","10,000 +",Planned,Yes,Carbon Capture and Storage,,58.15284035767626,-112.28501642926246,,point,2026-03-27 08:15:27.390000
2424,en,8115,Potentia Renewables Inc.,Skyview 2 Battery Energy Storage System,Ontario,Edwardsburgh-Cardinal,750.00,"750 - 1,000",Planned,Yes,Energy Storage,,44.14855878536593,-76.84013260635508,,point,2026-03-27 08:15:27.390000
2425,en,974,Enbridge/ Borealis Inc./ Kitselas First Nation,Lakelse Geothermal Power Plant,British Columbia,Terrace,120.00,100 - 250,Planned,Yes,Geothermal,,54.44564506940774,-128.5403179643181,,point,2026-03-27 08:15:27.390000
2426,en,4111,Borealis Geopower,Canoe Reach Geothermal Energy Project,British Columbia,Valemount,120.00,100 - 250,Planned,Yes,Geothermal,,52.83062223236273,-119.26593285122959,,point,2026-03-27 08:15:27.390000
2427,en,4198,Climate Transition Development Corporation,Greenview Geothermal Power Plant (Alberta No. 1),Alberta,Greenview No. 16,106.00,100 - 250,Planned,Yes,Geothermal,,54.84183341959331,-117.6498575653256,,point,2026-03-27 08:15:27.390000
2428,en,5010,Deh Tai GP Ltd,Clarke Lake Geothermal Development,British Columbia,Fort Nelson,100.00,100 - 250,Planned,Yes,Geothermal,,58.772043036142314,-122.66014132981157,,point,2026-03-27 08:15:27.390000
2429,en,6104,NTPC,Whati Transmission Line,Northwest Territories,Whati to Snare Hydro Complex,41.50,10 - 50 ,Planned,Yes,Hydro,,63.25242788954209,-116.73558351352949,,point,2026-03-27 08:15:27.390000
2430,en,67,BC Hydro,Peace River Site C Hydro-electric project,British Columbia,Fort St. John,"16,000.00","10,000 +",Under Construction,Yes,Hydro,,56.250795152938124,-120.8483104651631,,point,2026-03-27 08:15:27.390000
2431,en,165,WindRiver Power Corp.,Kinskuch Hydroelectric Project,British Columbia,Iskut,250.00,250 - 500,Planned,Yes,Hydro,,57.85717888202591,-129.97926772233177,,point,2026-03-27 08:15:27.390000
2432,en,188,Fosthall Creek Power LP,Fosthall Creek Hydropower Project,British Columbia,Nakusp,50.00,50 - 100,Planned,Yes,Hydro,,50.241338271704784,-117.80108978074341,,point,2026-03-27 08:15:27.390000
2433,en,220,Hydro-Québec,Rénovation de groupes à la centrale électrique Beauharnois,Quebec,Beauharnois,"1,600.00","1,000 - 2,500",Under Construction,Yes,Hydro,,45.32898811241681,-73.87550572317538,,point,2026-03-27 08:15:27.390000
2434,en,298,NB Power and Partners,Smart Grid Investments Phase,New Brunswick,Various locations across NB  (St. John),147.00,100 - 250,Under Construction,Yes,Hydro,,45.275189351486695,-66.06856207473336,,point,2026-03-27 08:15:27.390000
2435,en,545,Holmes Hydro,Robson Valley Hydroelectric Project,British Columbia,McBride,200.00,100 - 250,Planned,Yes,Hydro,,53.34686518237983,-119.84065113668431,,point,2026-03-27 08:15:27.390000
2436,en,725,Greater Vancouver Regional District,Capilano (Cleveland) Dam Power Plant,British Columbia,North Vancouver,90.00,50 - 100,Planned,Yes,Hydro,,49.3605096147232,-123.11086546642917,,point,2026-03-27 08:15:27.390000
2437,en,753,Kruger Energy Inc.,Maselpanik Creek Hydro Project,British Columbia,Chilliwack,35.00,10 - 50 ,Planned,Yes,Hydro,,49.089005814775916,-121.25841509066645,,point,2026-03-27 08:15:27.390000
2438,en,757,Innergex Renewable Energy Inc.,Shovel Creek Hydroelectric Project,British Columbia,Harrison Hot Springs,40.00,10 - 50 ,Planned,Yes,Hydro,,49.72120578115957,-121.8148153526896,,point,2026-03-27 08:15:27.390000
2439,en,759,KMC Power,Tamihi Creek Hydro Project,British Columbia,Chilliwack,50.00,50 - 100,Planned,Yes,Hydro,,49.04610574860923,-121.81961517251978,,point,2026-03-27 08:15:27.390000
2440,en,764,Highwater Power Corporation Altagas Ltd.,Log Creek Water Power  Project,British Columbia,Boston Bar,20.00,10 - 50 ,Planned,Yes,Hydro,,50.058845809258266,-121.71741143265548,,point,2026-03-27 08:15:27.390000
2441,en,1002,"Ministère du développement durable, de l'environnement et des parcs",Réfection du barrage des Quinze,Quebec,Angliers,110.00,100 - 250,Under Construction,Yes,Hydro,,47.5536497395114,-79.24020052176486,,point,2026-03-27 08:15:27.390000
2442,en,1026,Hydro-Québec,Réhabilitation de la centrale Robert-Bourassa,Quebec,Baie-James,732.00,500 - 750,Under Construction,Yes,Hydro,,53.79520621155595,-77.43997590708145,,point,2026-03-27 08:15:27.390000
2443,en,1041,"Énergie hydroélectrique Pessamit, Société en commandite",Centrale hydroélectrique des chutes du six milles,Quebec,Forestville,45.00,10 - 50 ,Planned,Yes,Hydro,,48.723898741700125,-69.15833365878879,,point,2026-03-27 08:15:27.390000
2444,en,1049,"Énergie hydroélectrique Pessamit, Société en commandite",Centrale hydroélectrique de la chute du quatre milles,Quebec,Forestville,22.00,10 - 50 ,Planned,Yes,Hydro,,48.72639874641933,-69.0927781365157,,point,2026-03-27 08:15:27.390000
2445,en,1050,"Manouane Sipi, Société en commandite

",Centrale hydroélectrique Manouane Sipi (Dam B),Quebec,La Tuque,100.00,100 - 250,Planned,Yes,Hydro,,47.38120946849655,-73.57270179046289,,point,2026-03-27 08:15:27.390000
2446,en,1063,NTPC,Taltson Hydroelectricity Expansion Project (Phase 1),Northwest Territories,Multiple locations,"1,200.00","1,000 - 2,500",Under Construction,Yes,Hydro,,61.443080421813875,-112.71445927184739,,point,2026-03-27 08:15:27.390000
2447,en,2025,Synex Energy Resources Ltd.,Victoria Lake Hydro Project,British Columbia,"Vancouver Island/Coast, Port Alice",18.00,10 - 50 ,Planned,Yes,Hydro,,50.43487012859043,-127.48676841941774,,point,2026-03-27 08:15:27.390000
2448,en,3643,Manitoba Hydro,Dorsey Synchronous Condenser Refurbishment,Manitoba,Dorsey,65.40,50 - 100,Under Construction,Yes,Hydro,,49.90592833509774,-97.12396969452502,,point,2026-03-27 08:15:27.390000
2449,en,4077,Synex Energy Resources Ltd.,Victoria Lake Hydro Project,British Columbia,Port Alice,18.00,10 - 50 ,Planned,Yes,Hydro,,50.424702129188304,-127.48728041724996,,point,2026-03-27 08:15:27.390000
2450,en,4079,BC Hydro,Mica 600V Circuit Breaker Upgrades Project,British Columbia,Revelstoke,32.00,10 - 50 ,Under Construction,Yes,Hydro,,51.049743272838825,-118.19468608791263,,point,2026-03-27 08:15:27.390000
2451,en,4080,Pacific Greengen Power Inc.,Fries Creek Hydroelectric Project,British Columbia,Harrison Hot Springs,20.00,10 - 50 ,Planned,Yes,Hydro,,49.30777176217097,-121.79963723788129,,point,2026-03-27 08:15:27.390000
2452,en,4081,BC Hydro,Cheakamus Recoat Units 1 & 2 Penstock Project,British Columbia,Squamish,35.00,10 - 50 ,Under Construction,Yes,Hydro,,49.702858623121855,-123.15902656864714,,point,2026-03-27 08:15:27.390000
2453,en,4093,BC Hydro,Mica Modernize Controls (Digital) Project,British Columbia,Revelstoke,56.00,50 - 100,Under Construction,Yes,Hydro,,51.001448269397514,-118.19375507247065,,point,2026-03-27 08:15:27.390000
2454,en,4201,Manitoba Hydro,Portage Area Capacity Enhancements,Manitoba,Portage la Prarie Area,84.80,50 - 100,Under Construction,Yes,Hydro,,49.97230824054932,-98.29031004119356,,point,2026-03-27 08:15:27.390000
2455,en,4224,WindRiver Power Corp. & TC Energy,Canyon Creek Hydro Power Project (storage),Alberta,Yellowhead County,200.00,100 - 250,Planned,Yes,Hydro,,53.53011154187485,-117.52454425439852,,point,2026-03-27 08:15:27.390000
2456,en,5018,Tlingit Homeland Energy Limited Partnership (THELP),Atlin Hydro Expansion project,British Columbia,Atlin,330.00,250 - 500,Planned,Yes,Hydro,,59.582978309458504,-133.64456514110927,,point,2026-03-27 08:15:27.390000
2457,en,5066,Ontario Power Generation,Redevelopment of the Calabogie site,Ontario,Greater Madawaska,137.00,100 - 250,Under Construction,Yes,Hydro,,45.303539991518605,-76.7107076610028,,point,2026-03-27 08:15:27.390000
2458,en,5067,Ontario Power Generation,Redevelopment of Coniston station,Ontario,Sudbury,85.00,50 - 100,Planned,Yes,Hydro,,46.4746189873983,-80.81837312268169,,point,2026-03-27 08:15:27.390000
2459,en,6045,Manitoba Hydro,Limestone Units 1-3 & 5-10 Stator Re-Wedge,Manitoba,Nelson River,37.80,10 - 50 ,Under Construction,Yes,Hydro,,56.50690927832008,-94.10691042372036,,point,2026-03-27 08:15:27.390000
2460,en,6047,Manitoba Hydro,Long Spruce Generator Protection Replacement,Manitoba,Nelson River,22.50,10 - 50 ,Under Construction,Yes,Hydro,,56.39790924556829,-94.36921047473238,,point,2026-03-27 08:15:27.390000
2461,en,7073,Manitoba Hydro,Pointe du Bois Renewable Energy Project,Manitoba,Wpg River,387.30,250 - 500,Under Construction,Yes,Hydro,,50.30000851434925,-95.55000931596169,,point,2026-03-27 08:15:27.390000
2462,en,8085,Churchill Falls Labrador Corporation,Electric Utility 2024 Capital Program (Churchill Falls Labrador Corporation),Newfoundland and Labrador,Labrador,105.70,100 - 250,Under Construction,Yes,Hydro,,53.594618683678604,-64.30802990540812,,point,2026-03-27 08:15:27.390000
2463,en,8086,Newfoundland and Labrador Hydro,Electric Utility 2024 Capital Program (Newfoundland and Labrador Hydro),Newfoundland and Labrador,Various,139.30,100 - 250,Under Construction,Yes,Hydro,,54.18001085139709,-58.42999663894855,,point,2026-03-27 08:15:27.390000
2464,en,8087,Newfoundland Power Inc.,Electric Utility 2024 Capital Program (Newfoundland Power Inc.),Newfoundland and Labrador,Various,115.90,100 - 250,Under Construction,Yes,Hydro,,48.5500100368941,-58.42999651375843,,point,2026-03-27 08:15:27.390000
2465,en,8107,Ontario Power Generation,Sir Adam Beck Complex Refurbishment,Ontario,Niagara Falls,"1,000.00","1,000 - 2,500",Planned,Yes,Hydro,,43.14910851148513,-79.04442323243475,,point,2026-03-27 08:15:27.390000
2466,en,8108,Ontario Power Generation,R.H. Saunders Refurbishment,Ontario,Cornwall,600.00,500 - 750,Planned,Yes,Hydro,,45.00962902123348,-74.78765200244551,,point,2026-03-27 08:15:27.390000
2467,en,8327,Manitoba Hydro,Ashern Station Bank Addition,Manitoba,Ashern,20.59,10 - 50 ,Under Construction,Yes,Hydro,,51.182208366843184,-98.34551032330548,,point,2026-03-27 08:15:27.390000
2468,en,8328,Manitoba Hydro,Slave Falls 7 Bay Sluiceway Concrete Res,Manitoba,Wpg River,84.32,50 - 100,Under Construction,Yes,Hydro,,50.22200850338435,-95.56800930504849,,point,2026-03-27 08:15:27.390000
2469,en,8329,Manitoba Hydro,Dauphin Vermillion 230kV Stn Capacity In,Manitoba,Dauphin,20.85,10 - 50 ,Under Construction,Yes,Hydro,,51.149008208168205,-100.04901080101858,,point,2026-03-27 08:15:27.390000
2470,en,333,Ontario Power Generation,Darlington Refurbishment Project,Ontario,Clarington,"12,800.00","10,000 +",Under Construction,Yes,Nuclear,,43.86987765370181,-78.71949018864062,,point,2026-03-27 08:15:27.390000
2471,en,654,Bruce Power,Bruce Nuclear Refurbishment,Ontario,Tiverton,"13,000.00","10,000 +",Under Construction,Yes,Nuclear,,44.32730859487263,-81.58610414476549,,point,2026-03-27 08:15:27.393333
2472,en,4072,PEI Energy Corporation,Borden Battery Park,Prince Edward Island,Borden-Carleton,35.00,10 - 50 ,Planned,Yes,Other,,46.253772175730134,-63.69216049802934,,point,2026-03-27 08:15:27.393333
2473,en,4216,NRStor and Six Nations of the Grand River Development Corporation Oneida Energy Storage LP,Oneida Energy Storage,Ontario,Ohsweken Nanticoke,800.00,"750 - 1,000",Planned,Yes,Other,,42.82699540697331,-80.05929852530481,,point,2026-03-27 08:15:27.393333
2474,en,4219,Yukon Energy Corporation,Grid-Scale Battery Storage,Yukon,Whitehorse,35.00,10 - 50 ,Under Construction,Yes,Other,,60.77924202999076,-135.27313707668182,,point,2026-03-27 08:15:27.393333
2475,en,6101,Ville de Québec,Projet de valorisation de la vapeur de l'incinérateur pour le CHU de Québec - Université Laval,Quebec,Ville de Québec,43.80,10 - 50 ,Planned,Yes,Other,,46.83470946667822,-71.20330093275318,,point,2026-03-27 08:15:27.393333
2476,en,4057,EDF Renewables Canada,Vulcan Solar Project,Alberta,Vulcan County,155.00,100 - 250,Planned,Yes,Solar,,50.40378979208051,-113.25314690001144,,point,2026-03-27 08:15:27.393333
2477,en,4188,Alpin Sun,Airport City Solar,Alberta,Leduc County,169.00,100 - 250,Planned,Yes,Solar,,53.291085568662865,-113.5936694692827,,point,2026-03-27 08:15:27.393333
2478,en,6016,Voltarix Group,Creekside Solar Project,Alberta,Leduc County,43.00,10 - 50 ,Planned,Yes,Solar,,53.24715291243408,-113.82518687368807,,point,2026-03-27 08:15:27.393333
2479,en,6017,ATCO,Deerfoot Solar Project,Alberta,Calgary,50.00,50 - 100,Under Construction,Yes,Solar,,50.93948275011693,-113.96523820092142,,point,2026-03-27 08:15:27.393333
2480,en,6062,Voltarix Group,Moon Lake Solar Project,Alberta,Parkland County,43.00,10 - 50 ,Planned,Yes,Solar,,53.42250078412357,-114.99053218644902,,point,2026-03-27 08:15:27.393333
2481,en,6083,Voltarix Group,Rocktree Solar Project,Alberta,Parkland County,40.00,10 - 50 ,Planned,Yes,Solar,,53.515094918936676,-113.91209598176626,,point,2026-03-27 08:15:27.393333
2482,en,6084,DP Energy,Saamis Solar Farm,Alberta,Medicine Hat,600.00,500 - 750,Planned,Yes,Solar,,50.07068104136028,-110.70735324998958,,point,2026-03-27 08:15:27.393333
2483,en,6086,Silicon Ranch,Scottford Refinery Solar Farm,Alberta,Strathcona County,100.00,100 - 250,Under Construction,Yes,Solar,,53.804246032893666,-113.08892089282085,,point,2026-03-27 08:15:27.393333
2484,en,7042,Kiwetinohk Energy Corp,Homestead Solar Project,Alberta,Willow Creek No. 26,500.00,500 - 750,Planned,Yes,Solar,,49.98142074177492,-113.44601383107721,,point,2026-03-27 08:15:27.393333
2485,en,7047,Northland Power,Jurassic Solar and Battery Storage,Alberta,Cypress County,500.00,500 - 750,Under Construction,Yes,Solar,,50.66321104513456,-111.11601349770832,,point,2026-03-27 08:15:27.393333
2486,en,7055,Kiwetinohk Energy Corp,Phoenix Solar Project,Alberta,Red Deer County,320.00,250 - 500,Planned,Yes,Solar,,52.238027812803274,-114.15701462513617,,point,2026-03-27 08:15:27.393333
2487,en,7057,Greengate Power Corporation,Luna Solar Project (Phase One),Alberta,Newell County,700.00,500 - 750,Under Construction,Yes,Solar,,50.60377491848504,-112.23601373213037,,point,2026-03-27 08:15:27.393333
2488,en,7058,Greengate Power Corporation,Luna Solar Project (Phase Two),Alberta,Newell County,700.00,500 - 750,Planned,Yes,Solar,,50.58239591558705,-112.24601372795794,,point,2026-03-27 08:15:27.393333
2489,en,7078,Pace Canada LP,Salt Flats Solar Project,Alberta,Brooks,28.00,10 - 50 ,Planned,Yes,Solar,,50.582851951926116,-111.91401365626616,,point,2026-03-27 08:15:27.393333
2490,en,7081,ABO Wind Canada Ltd.,Stettler Solar and Battery Storage Project,Alberta,Stettler County No. 6,160.00,100 - 250,Planned,Yes,Solar,,52.29043997702485,-112.75601433198032,,point,2026-03-27 08:15:27.393333
2491,en,7083,Evolugen by Brookfield Renewable,Sunrise Solar Project,Alberta,Pincher Creek No. 9,140.00,100 - 250,Planned,Yes,Solar,,49.50343665072535,-113.96301381589504,,point,2026-03-27 08:15:27.393333
2492,en,8001,Renewable Energy Systems Canada Inc.,Enterprise Solar Project,Alberta,Vulcan County,175.00,100 - 250,Under Construction,Yes,Solar,,50.37388877900198,-113.35782491617891,,point,2026-03-27 08:15:27.393333
2493,en,8002,Renewable Energy Systems Canada Inc.,Big Sky Solar Project,Alberta,Acadia No. 34,200.00,100 - 250,Under Construction,Yes,Solar,,51.19666617526284,-110.28504745129067,,point,2026-03-27 08:15:27.393333
2494,en,8005,MYTILINEOS Energy & Metals,Red Willow Solar,Alberta,Stettler County No. 6,315.00,250 - 500,Planned,Yes,Solar,,52.411529020275935,-112.46171430279654,,point,2026-03-27 08:15:27.393333
2495,en,8006,MYTILINEOS Energy & Metals,Sunnynook Solar Project,Alberta,Special Area No. 2,385.00,250 - 500,Planned,Yes,Solar,,51.325488045728534,-111.55785977985856,,point,2026-03-27 08:15:27.393333
2496,en,8007,MYTILINEOS Energy & Metals,Dolcy Solar Project,Alberta,Wainwright No. 61,275.00,250 - 500,Planned,Yes,Solar,,52.68557526410013,-110.47290292641775,,point,2026-03-27 08:15:27.393333
2497,en,8009,Peace Energy Cooperative,Peace River Energy Project,Alberta,Peace River,10.00,10 - 50 ,Under Construction,Yes,Solar,,56.24325961802046,-117.35159675881134,,point,2026-03-27 08:15:27.393333
2498,en,8010,ATCO,Forty Mile Solar Farm (Granlea Phase 2),Alberta,Forty Mile County No. 8,400.00,250 - 500,Under Construction,Yes,Solar,,49.696514952160506,-111.27160428155803,,point,2026-03-27 08:15:27.393333
2499,en,8011,Solar Krafte and Kinbrook Solar,Rainier Solar Farm,Alberta,Newell County,700.00,500 - 750,Planned,Yes,Solar,,50.50213794024314,-111.97481564850649,,point,2026-03-27 08:15:27.393333
2500,en,8021,Horizon New Energy,Aira Solar Project,Alberta,Forty Mile County No. 8,700.00,500 - 750,Planned,Yes,Solar,,49.593546980098836,-110.93400418104007,,point,2026-03-27 08:15:27.393333
2501,en,8022,hep Energy,Alderson Solar Power Project,Alberta,Cypress County,150.00,100 - 250,Planned,Yes,Solar,,50.35223699524816,-111.36066847007169,,point,2026-03-27 08:15:27.393333
2502,en,8024,FortisAlberta,Bassano 435S DER Solar,Alberta,Newell County,15.00,10 - 50 ,Under Construction,Yes,Solar,,50.6740259163967,-112.31131976780539,,point,2026-03-27 08:15:27.393333
2503,en,8029,Renewable Energy Systems Canada Inc.,Nova Solar Project,Alberta,Wheatland County,225.00,100 - 250,Planned,Yes,Solar,,50.84036279377887,-113.52506107992372,,point,2026-03-27 08:15:27.393333
2504,en,8032,PR Development GP Inc.,Prominence Solar Project,Alberta,Lethbridge County,120.00,100 - 250,Planned,Yes,Solar,,49.857671811480685,-112.71884364191413,,point,2026-03-27 08:15:27.393333
2505,en,754,Pacific Coastal Wave Energy Corp.,Wave Energy Project,British Columbia,Ucluelet,20.00,10 - 50 ,Planned,Yes,Tidal,,48.920605313372754,-125.54481571782894,,point,2026-03-27 08:15:27.393333
2506,en,4153,DP Energy Limited (Haligonia Tidal Energy Ltd. / Rio Fundo Operations Canada Ltd.),Uisce Tapa In-Stream Tidal Energy Project,Nova Scotia,Bay of Fundy,117.00,100 - 250,Planned,Yes,Tidal,,45.36465840518318,-64.42845151533173,,point,2026-03-27 08:15:27.393333
2507,en,4204,Jupiter Hydro,In-Stream Tidal Demonstration Project,Nova Scotia,Bay of Fundy,23.30,10 - 50 ,Planned,Yes,Tidal,,45.357413405075945,-64.40966550695899,,point,2026-03-27 08:15:27.393333
2508,en,4205,Nova Innovation,The Nova Tidal Array (Petit Passage),Nova Scotia,Petit Passage,22.00,10 - 50 ,Under Construction,Yes,Tidal,,44.3923451902667,-66.20675907830483,,point,2026-03-27 08:15:27.393333
2509,en,10,Aeolis Wind Power Corporation,Hackney Hills Wind Park,British Columbia,Fort St. John,400.00,250 - 500,Planned,Yes,Wind,,56.24926915303787,-120.84756646255396,,point,2026-03-27 08:15:27.393333
2510,en,283,Mount Hays Wind Farm Limited Partnership,Mount Hays Wind Farm,British Columbia,Prince Rupert,125.00,100 - 250,Planned,Yes,Wind,,54.29148782491433,-130.30822113182606,,point,2026-03-27 08:15:27.393333
2511,en,293,Capstone Infrastructure Corporation,Wild Rose' Wind Farm (Phase 2),Alberta,Cypress County (S of Irvine),300.00,250 - 500,Under Construction,Yes,Wind,,49.9560870790788,-110.26577211996009,,point,2026-03-27 08:15:27.393333
2512,en,692,EDF Renouvelables,Taylor Wind Project,British Columbia,Taylor,900.00,"750 - 1,000",Planned,Yes,Wind,,55.99995315826963,-120.76406333996326,,point,2026-03-27 08:15:27.393333
2513,en,983,Red Willow Wind LP,Red Willow Wind Farm,British Columbia,Tumbler Ridge,480.00,250 - 500,Planned,Yes,Wind,,54.80866917107059,-120.37502777981982,,point,2026-03-27 08:15:27.393333
2514,en,2020,PEI Energy Corporation,PEIEC Wind Farm #5,Prince Edward Island,Eastern Kings,80.00,50 - 100,Under Construction,Yes,Wind,,46.433855637314906,-62.0998197500688,,point,2026-03-27 08:15:27.393333
2515,en,2059,Aeolis / Boralex,Hackney Hills Wind Park (Aeolis / Boralex),British Columbia,Fort St. John,"5,200.00","5,000 - 10,000",Planned,Yes,Wind,,56.24772515471928,-120.84189946150133,,point,2026-03-27 08:15:27.393333
2516,en,2110,"Nation Innue, RES et Boralex",Apuiat,Quebec,MRC de Sept-Rivières,600.00,500 - 750,Under Construction,Yes,Wind,,50.21057015396229,-66.37465246018533,,point,2026-03-27 08:15:27.393333
2517,en,4096,Boralex,Babcock Ridge Wind Farm,British Columbia,Tumbler Ridge,50.00,50 - 100,Planned,Yes,Wind,,55.111676098148344,-121.00065101738561,,point,2026-03-27 08:15:27.393333
2518,en,4220,Port Hawkesbury Paper,Goose Harbour Lake Wind Farm (formerly Pirate Harbour),Nova Scotia,Point Tupper,155.00,100 - 250,Planned,Yes,Wind,,45.60570360575094,-61.37092407029237,,point,2026-03-27 08:15:27.393333
2519,en,6030,Capital Power,Halkirk Wind Project Phase 2,Alberta,Paintearth County No. 18,274.00,250 - 500,Under Construction,Yes,Wind,,52.2357210485371,-112.11133016915629,,point,2026-03-27 08:15:27.393333
2520,en,7032,ACCIONA Energía,Forty Mile Wind Project (ACCONIA),Alberta,Forty Mile County No. 8,400.00,250 - 500,Under Construction,Yes,Wind,,49.79284196867155,-111.18601328705076,,point,2026-03-27 08:15:27.393333
2521,en,7079,Invenergy,Skinners Pond Wind Energy Centre,Prince Edward Island,Sherbrooke; Tignish,85.00,50 - 100,Planned,Yes,Wind,,46.42192268375068,-63.77014007164625,,point,2026-03-27 08:15:27.393333
2522,en,7085,Enerfin Energy Company of Canada Inc.,Winnifred Wind Power Project,Alberta,Forty Mile County No. 8|Cypress County,180.00,100 - 250,Under Construction,Yes,Wind,,49.940744994924856,-111.04901329386502,,point,2026-03-27 08:15:27.393333
2523,en,8025,ENGIE Development Canada LP,Buffalo Trail North Wind Project,Alberta,Cypress County,200.00,100 - 250,Under Construction,Yes,Wind,,49.84235606340341,-110.32929810639786,,point,2026-03-27 08:15:27.393333
2524,en,8043,EDF EN Canada,Pe-Na-Koyim Wind Project,Alberta,Blood 148,425.00,250 - 500,Planned,Yes,Wind,,49.44702573738304,-113.12142762346306,,point,2026-03-27 08:15:27.393333
2525,en,75,IPC Canada Ltd.,Blackrod,Alberta,Regional Municipality of Wood Buffalo (RMWB) & Lac La Biche County,"2,927.00","2,500 - 5,000",Under Construction,No,N/A,,55.611718192527775,-112.61193843788737,,point,2026-03-27 08:15:27.393333
2526,en,89,Canadian Natural Resources Limited,Grouse,Alberta,Hudson Hope,"1,530.00","1,000 - 2,500",Planned,No,N/A,,55.466299088800085,-111.75578167788436,,point,2026-03-27 08:15:27.393333
2527,en,140,Canadian Natural Resources Limited,Pike (Formely Kirby),Alberta,Lac la Biche County,"7,700.00","5,000 - 10,000",Planned,No,N/A,,55.448226400882255,-110.82403594354774,,point,2026-03-27 08:15:27.393333
2528,en,207,Harvest Operations Corp.,BlackGold Oil Sands Project,Alberta,Regional Municipality of Wood Buffalo (SE of Conklin),540.00,500 - 750,Planned,No,N/A,,55.58264649024491,-110.9730248301697,,point,2026-03-27 08:15:27.393333
2529,en,215,Husky Energy Inc.,White Rose Expansion,Newfoundland and Labrador,Offshore Newfoundland,"2,300.00","1,000 - 2,500",Under Construction,No,N/A,,47.100054801869035,-48.713372081034386,,point,2026-03-27 08:15:27.396666
2530,en,341,Osum Oil Sands Corp.,Taiga,Alberta,MD of Bonnyville (N of Cold Lake),"1,570.00","1,000 - 2,500",Planned,No,N/A,,54.680885237327786,-110.13649482869653,,point,2026-03-27 08:15:27.396666
2531,en,397,"LNG Canada (Shell Canada Limited, PETRONAS, Korea Gas Corporation (KOGAS), Mitsubishi Corporation, and PetroChina Company Limited)",LNG Canada Phase 1,British Columbia,Kitimat,"47,900.00","10,000 +",Under Construction,No,N/A,,54.08195605054043,-128.63807583162247,,point,2026-03-27 08:15:27.396666
2532,en,399,Canadian Natural Resources Limited,AOSP Jackpine,Alberta,Fort McMurray,"12,000.00","10,000 +",Planned,No,N/A,,57.224504531129696,-111.36769668637707,,point,2026-03-27 08:15:27.396666
2533,en,422,Suncor Energy Inc.,Lewis,Alberta,Regional Municipality of Wood Buffalo,"6,200.00","5,000 - 10,000",Planned,No,N/A,,56.94062750751476,-111.0483611526399,,point,2026-03-27 08:15:27.396666
2534,en,427,Sunshine Oilsands Ltd.,Thickwood (Sunshine),Alberta,Regional Municipality of Wood Buffalo (RMWB) & Municipal District of Opportunity,"1,753.00","1,000 - 2,500",Planned,No,N/A,,56.83332213272563,-112.78679927161589,,point,2026-03-27 08:15:27.396666
2535,en,429,Sunshine Oilsands Ltd.,West Ells,Alberta,MD of Opportunity,"2,950.00","2,500 - 5,000",Planned,No,N/A,,57.20249825698639,-112.72925381463206,,point,2026-03-27 08:15:27.396666
2536,en,515,Athabasca Oil Corporation,Dover West Clastics,Alberta,Municipal District of Opportunity,615.00,500 - 750,Planned,No,N/A,,57.10045918999997,-113.22511419208392,,point,2026-03-27 08:15:27.396666
2537,en,566,MEG Energy Corp.,Surmont (MEG),Alberta,Regional Municipality of Wood Buffalo (RMWB),"5,000.00","5,000 - 10,000",Planned,No,N/A,,56.03446644647128,-110.72023014054042,,point,2026-03-27 08:15:27.396666
2538,en,584,Quicksilver Resources/ Kohlberg Kravis Roberts & Co. L.P. (KKR),Fortune Creek Gas Plant,British Columbia,Fort Nelson,760.00,"750 - 1,000",Planned,No,N/A,,58.805561953355244,-122.69543305064624,,point,2026-03-27 08:15:27.396666
2539,en,587,Rio Tinto Alcan Inc.,Kemano Tunnel Project (T2),British Columbia,Kitimat,500.00,500 - 750,Under Construction,No,N/A,,53.63813014145951,-127.92482256362713,,point,2026-03-27 08:15:27.396666
2540,en,607,Value Creation Inc.,TriStar Advanced (In Situ + Upgrader),Alberta,Regional Municipality of Wood Buffalo (RMWB),"2,000.00","1,000 - 2,500",Planned,No,N/A,,56.736821431867355,-111.15659353076784,,point,2026-03-27 08:15:27.396666
2541,en,629,Sunshine Oilsands Ltd.,West Ells,Alberta,MD of Opportunity,"2,100.00","1,000 - 2,500",Planned,No,N/A,,57.20249825698639,-112.72925381463206,,point,2026-03-27 08:15:27.396666
2542,en,649,Husky Oil Operations Ltd.,Saleski' Thermal Oil Sands Project Using CSS,Alberta,M.D. of Opportunity No. 17,300.00,250 - 500,Planned,No,N/A,,56.59335069186159,-113.01275822593301,,point,2026-03-27 08:15:27.396666
2543,en,652,Woodfibre LNG,Woodfibre LNG project,British Columbia,Squamish,"6,880.00","5,000 - 10,000",Under Construction,No,N/A,,49.66667261106278,-123.2527935730007,,point,2026-03-27 08:15:27.396666
2544,en,684,Osum Oil Sands Corp.,Sepiko Kesik Project,Alberta,Municipal District of Opportunity,"3,200.00","2,500 - 5,000",Planned,No,N/A,,56.689006357656304,-113.13101269811,,point,2026-03-27 08:15:27.396666
2545,en,693,Imperial Oil Limited,Aspen' oil sands project (SAGD),Alberta,Regional Municipality of Wood Buffalo,"5,200.00","5,000 - 10,000",Planned,No,N/A,,57.24238941042507,-111.53911583727455,,point,2026-03-27 08:15:27.396666
2546,en,697,"Husky Energy Inc., Suncor, Nalcor Energy",White Rose Expansion - White Rose West,Newfoundland and Labrador,Offshore Newfoundland,"3,800.00","2,500 - 5,000",Under Construction,No,N/A,,46.471909691658915,-48.00539284949052,,point,2026-03-27 08:15:27.396666
2547,en,707,Port Alberni Harbour Authority,Port Alberni LNG Export Facility,British Columbia,Port Alberni,"1,600.00","1,000 - 2,500",Planned,No,N/A,,49.23001940949698,-124.81107569248316,,point,2026-03-27 08:15:27.396666
2548,en,718,Kitimat Clean Ltd.,Kitimat Clean Oil Refinery,British Columbia,Kitimat,"22,000.00","10,000 +",Planned,No,N/A,,54.16667174310097,-128.7000178722288,,point,2026-03-27 08:15:27.396666
2549,en,737,BC Hydro,Capilano Substation Upgrade,British Columbia,North Vancouver,87.00,50 - 100,Under Construction,No,N/A,,49.3350756137466,-123.10830445934201,,point,2026-03-27 08:15:27.396666
2550,en,808,Spartan Delta Inception Exploration Ltd.,Greenview Sour Gas plant,Alberta,Greenview,50.00,50 - 100,Planned,No,N/A,,54.70000710578636,-119.01501586526526,,point,2026-03-27 08:15:27.396666
2551,en,818,Athabasca Oil Corporation,Hangingstone Oil Sands,Alberta,Fort McMurray-Conklin,640.00,500 - 750,Planned,No,N/A,,56.4761462876768,-111.40765438651681,,point,2026-03-27 08:15:27.396666
2552,en,841,Canadian Natural Resources Limited,Jackfish,Alberta,Regional Municipality of Wood Buffalo (SE of Conklin),"1,300.00","1,000 - 2,500",Planned,No,N/A,,55.527907399695295,-110.87381498492836,,point,2026-03-27 08:15:27.396666
2553,en,850,Syncrude Canada Ltd.,Stage 4a - MLX-W,Alberta,Mildred Lake,"3,300.00","2,500 - 5,000",Under Construction,No,N/A,,57.04521839482405,-111.58510376639647,,point,2026-03-27 08:15:27.396666
2554,en,857,Bear Head Energy,Bear Head Energy,Nova Scotia,Richmond County,"8,000.00","5,000 - 10,000",Planned,No,N/A,,45.596597504749376,-61.35684146343753,,point,2026-03-27 08:15:27.396666
2555,en,858,ConocoPhillips Canada,Surmont (ConocoPhillips),Alberta,Regional Municipality of Wood Buffalo,"6,000.00","5,000 - 10,000",Planned,No,N/A,,56.193607428181664,-110.950615259331,,point,2026-03-27 08:15:27.396666
2556,en,938,Cedar LNG  (partnership between Pembina Pipeline Corporation and Haisla Nation),Cedar LNG,British Columbia,Kitimat,"4,600.00","2,500 - 5,000",Planned,No,N/A,,53.9254160368947,-128.72793278374058,,point,2026-03-27 08:15:27.396666
2557,en,942,Watson Island LNG Corporation,Watson Island LNG,British Columbia,Prince Rupert,270.00,250 - 500,Planned,No,N/A,,54.24115582634536,-130.2971731090514,,point,2026-03-27 08:15:27.396666
2558,en,943,"Tilbury Jetty Marine Partnership (Fortis, Seaspan, Shell)",Tilbury Marine Jetty,British Columbia,Delta,175.00,100 - 250,Planned,No,N/A,,49.141803214496605,-123.02352039431199,,point,2026-03-27 08:15:27.396666
2559,en,965,BC Hydro,G.M. Shrum Units 1 to 10 Control Systems Upgrade Project,British Columbia,Hudson Hope,75.00,50 - 100,Under Construction,No,N/A,,56.01667596272236,-122.2027623146087,,point,2026-03-27 08:15:27.396666
2560,en,1037,"Western LNG, Nisga'a Nation, Rockies LNG Partners",Ksi Lisims LNG,British Columbia,Nasoga Gulf,"10,000.00","10,000 +",Planned,No,N/A,,54.9015738613368,-130.0726223522332,,point,2026-03-27 08:15:27.396666
2561,en,1057,Pacific Future Energy,Pacific Future Energy Oil Refinery,British Columbia,Kitimat,"10,000.00","10,000 +",Planned,No,N/A,,53.95290133774895,-128.72261179293892,,point,2026-03-27 08:15:27.396666
2562,en,1077,Cenovus Energy Inc.,Christina Lake,Alberta,Cenovus Christina Lake,900.00,"750 - 1,000",Planned,No,N/A,,55.57643039920016,-110.89742500969423,,point,2026-03-27 08:15:27.396666
2563,en,1079,Japan Canada Oil Sands Limited (JACOS),Hangingstone,Alberta,Fort McMurray,"1,200.00","1,000 - 2,500",Planned,No,N/A,,56.288067353317636,-111.60424846001553,,point,2026-03-27 08:15:27.396666
2564,en,1082,Cenovus Energy Inc.,Narrows Lake,Alberta,Meanook,"1,600.00","1,000 - 2,500",Planned,No,N/A,,54.61611003860595,-113.4264742565062,,point,2026-03-27 08:15:27.396666
2565,en,1083,Value Creation Inc.,Heartland Upgrader,Alberta,Strathcona County,"2,000.00","1,000 - 2,500",Planned,No,N/A,,53.54873598659379,-113.35643586959304,,point,2026-03-27 08:15:27.396666
2566,en,1090,Value Creation Inc.,Heartland Upgrader,Alberta,Strathcona County,"2,000.00","1,000 - 2,500",Planned,No,N/A,,53.77218080346211,-113.11677517041406,,point,2026-03-27 08:15:27.396666
2567,en,1094,Imperial Oil Limited,Syncrude Mildred Lake Extension,Alberta,Regional Municipality of Wood Buffalo,"3,300.00","2,500 - 5,000",Under Construction,No,N/A,,57.07271569259319,-111.58987053496057,,point,2026-03-27 08:15:27.396666
2568,en,2060,Pacific Future Energy,Pacific Future Energy Refinery Project,British Columbia,Harrison Lake,55.00,50 - 100,Under Construction,No,N/A,,54.28390105591053,-128.61758690801616,,point,2026-03-27 08:15:27.396666
2569,en,4106,BC Hydro,Downtown Vancouver Electricity Supply - West End Strategic Property Purchase,British Columbia,Vancouver,81.00,50 - 100,Under Construction,No,N/A,,49.274225608574376,-123.12562044560613,,point,2026-03-27 08:15:27.396666
2570,en,4108,BCHydro,LNG Canada Load Interconnection Project,British Columbia,Kitimat,82.00,50 - 100,Under Construction,No,N/A,,54.06154105091425,-128.63390482274906,,point,2026-03-27 08:15:27.396666
2571,en,4116,Alcan Aluminum Ltd. and the Province of BC,Kenney Dam Cold Water Release Facility,British Columbia,Vanderhoof,275.00,250 - 500,Planned,No,N/A,,53.566672534048,-124.95001709775694,,point,2026-03-27 08:15:27.396666
2572,en,4119,AltaGas / Vopak Development Canada Inc.,Ridley Island Energy Export Facility (REEF),British Columbia,Prince Rupert,750.00,"750 - 1,000",Planned,No,N/A,,54.31419282379263,-130.32220114276933,,point,2026-03-27 08:15:27.396666
2573,en,4125,Nisga’a Nation,Nisga’a LNG,British Columbia,Nasoga Gulf,"10,000.00","10,000 +",Planned,No,N/A,,54.9015738613368,-130.0726223522332,,point,2026-03-27 08:15:27.396666
2574,en,4126,Devon Energy Corporation/ BP JV,Pike,Alberta,Regional Municipality of Wood Buffalo,"1,900.00","1,000 - 2,500",Planned,No,N/A,,55.59941238878263,-110.99578104140443,,point,2026-03-27 08:15:27.396666
2575,en,4148,Ontario Power Generation,Ranney Falls Expansion,Ontario,Campbellford,77.00,50 - 100,Under Construction,No,N/A,,44.291789769462085,-77.8011840315436,,point,2026-03-27 08:15:27.396666
2576,en,4178,Suncor Energy Inc.,Suncor Power Cogeneration Units,Alberta,Regional Municipality of Wood Buffalo,"1,400.00","1,000 - 2,500",Under Construction,No,N/A,,56.99719148314166,-111.48051880086578,,point,2026-03-27 08:15:27.396666
2577,en,4217,Cenovus Energy Inc.,Spruce Lake East Lloyd,Saskatchewan,Spruce Lake,350.00,250 - 500,Under Construction,No,N/A,,53.54445448051496,-109.0896328587503,,point,2026-03-27 08:15:27.396666
2578,en,5002,Inuvialuit Petroleum Corporation,Inuvialuit Energy Security Project,Northwest Territories,17km south of Tuktoyaktuk,160.00,100 - 250,Planned,No,N/A,,69.2973931446749,-133.07630815535455,,point,2026-03-27 08:15:27.396666
2579,en,5052,Fortis,Tilbury LNG Phase 2,British Columbia,Delta,"3,500.00","2,500 - 5,000",Planned,No,N/A,,49.141803214496605,-123.02352039431199,,point,2026-03-27 08:15:27.396666
2580,en,5060,Fortis,Tilbury LNG Phase 1B,British Columbia,Delta,60.00,50 - 100,Planned,No,N/A,,49.141803214496605,-123.02352039431199,,point,2026-03-27 08:15:27.396666
2581,en,6022,NTPC,Fort Providence and Kakisa Transmission Line,Northwest Territories,Highway 2/5 juction to Fort Providence,60.00,50 - 100,Planned,No,N/A,,60.97746477996914,-117.22141212864338,,point,2026-03-27 08:15:27.396666
2582,en,6026,TransAlta Corporation,Ghost River WaterCharger Battery Energy Storage,Alberta,Rocky View County,120.00,100 - 250,Planned,No,N/A,,51.21778868494428,-114.70461843700394,,point,2026-03-27 08:15:27.396666
2583,en,6029,LNG Newfoundland and Labrador,Grassy Point LNG,Newfoundland and Labrador,Grassy Point,"10,000.00","10,000 +",Planned,No,N/A,,47.752800932336214,-54.02714193437833,,point,2026-03-27 08:15:27.396666
2584,en,6031,Diageo Canada Inc.,Implantation de mesures de réduction des émissions de GES et de conversion énergétique,Quebec,Salaberry-de-Valleyfield,94.00,50 - 100,Planned,No,N/A,,45.256783648130806,-74.12034437396946,,point,2026-03-27 08:15:27.396666
2585,en,6036,Imperial Oil,Kearl Oil Sand In-Pit Tailings Project,Alberta,Wood Buffalo,750.00,"750 - 1,000",Under Construction,No,N/A,,57.41143546491772,-111.16349881604737,,point,2026-03-27 08:15:27.396666
2586,en,6046,"LNG Canada (Shell Canada Limited, PETRONAS, Korea Gas Corporation (KOGAS), Mitsubishi Corporation, and PetroChina Company Limited)",LNG Canada Phase 2,British Columbia,Kitimat,"25,000.00","10,000 +",Planned,No,N/A,,54.08195605054043,-128.63807583162247,,point,2026-03-27 08:15:27.396666
2587,en,6092,Suncor Energy Inc.,Suncor PURE Demonstration Facility,Alberta,Wood Buffalo,52.50,50 - 100,Planned,No,N/A,,57.38056842064643,-111.50978688886617,,point,2026-03-27 08:15:27.396666
2588,en,7026,ENMAX Energy Corp.,Enmax Substation No. 1,Alberta,Calgary,200.00,100 - 250,Under Construction,No,N/A,,51.04532474470257,-114.08001425483637,,point,2026-03-27 08:15:27.396666
2589,en,7067,Enbridge Gas,Panhandle Regional Expansion,Ontario,"Municipalities of Chatham-Kent, Lakeshore, Leamington",358.00,250 - 500,Planned,No,N/A,,42.37063921550448,-82.38873021443506,,point,2026-03-27 08:15:27.396666
2590,en,8004,Federation Group,Marguerite Lake Compressed Air Energy Storage,Alberta,Bonnyville No. 87,500.00,500 - 750,Planned,No,N/A,,54.58571435205573,-110.80400462793247,,point,2026-03-27 08:15:27.396666
2591,en,8013,Kineticor Resource Corp.,Greenlight Electricity Centre,Alberta,Sturgeon County,"4,500.00","2,500 - 5,000",Planned,No,N/A,,53.828815024705335,-113.17863492462718,,point,2026-03-27 08:15:27.396666
2592,en,8017,Gibson Energy & Varme Energy JV,Heartland Waste to Power Project,Alberta,Strathcona County,300.00,250 - 500,Planned,No,N/A,,53.775940037341286,-113.04027587325821,,point,2026-03-27 08:15:27.400000
2593,en,8038,Cielo,Carseland Biomass Gasifier Project,Alberta,Wheatland County,100.00,100 - 250,Planned,No,N/A,,50.88845380982432,-113.39973406570839,,point,2026-03-27 08:15:27.400000
2594,en,8041,Cenovus Energy Inc.,Narrows Lake Tie-Back to Christina Lake,Alberta,Wood Buffalo,300.00,250 - 500,Under Construction,No,N/A,,55.59027140623013,-110.85275200395415,,point,2026-03-27 08:15:27.400000
2595,en,8042,Canadian Natural Resources Ltd. (CNRL),Naphtha Recovery Unit Tailings Treatment Project,Alberta,Wood Buffalo,350.00,250 - 500,Planned,No,N/A,,57.34739237729774,-111.84100795950293,,point,2026-03-27 08:15:27.400000
2596,en,1023,Nukik Corp.,Kivalliq Hydro Fibre Link,Multiple,Gillam to Baker Lake,"1,600.00","1,000 - 2,500",Planned,Yes,Hydro,Transmission,,,"[[{""lon"": -96.08108123795023, ""lat"": 64.32352700092815}, {""lon"": -92.09020595410392, ""lat"": 62.852285803744955}, {""lon"": -93.85470654436244, ""lat"": 56.67014512837238}]]",line,2026-03-27 08:15:27.400000
2597,en,3641,Manitoba Hydro,Laverendrye-St.Vital 230kV Line & Breakers,Manitoba,Winnipeg,58.70,50 - 100,Under Construction,Yes,Hydro,Transmission,,,"[[{""lon"": -97.36407173881346, ""lat"": 49.790575301930836}, {""lon"": -97.02171364896496, ""lat"": 49.836632336520424}, {""lon"": -97.30445959062916, ""lat"": 49.13351723019125}]]",line,2026-03-27 08:15:27.400000
2598,en,4001,Hydro One,Hawthorne to Merivale transmission upgrades (Planned),Ontario,Ottawa,21.30,10 - 50 ,Under Construction,Yes,Hydro,Transmission,,,"[[{""lon"": -75.60825830662024, ""lat"": 45.392181053744274}, {""lon"": -75.71923133636517, ""lat"": 45.325215037106126}]]",line,2026-03-27 08:15:27.400000
2599,en,5064,Manitoba Hydro,Southwest Wpg 115kV Tsfrmr Improv-Phase2,Manitoba,Headingley,62.00,50 - 100,Under Construction,Yes,Hydro,Transmission,,,"[[{""lon"": -97.01891667623597, ""lat"": 49.96927735136907}, {""lon"": -97.35313773911209, ""lat"": 49.80390130356868}]]",line,2026-03-27 08:15:27.400000
2600,en,6063,Northriver Midstream NEBC Connector GP Inc.,NEBC Connector Project,Multiple,"NW of Wonovon, BC & Gordondale, AB",350.00,250 - 500,Planned,Yes,Other,Pipeline,,,"[[{""lon"": -122.0580179950256, ""lat"": 56.92280600646155}, {""lon"": -119.6917170664486, ""lat"": 55.839706295661244}]]",line,2026-03-27 08:15:27.400000
2601,en,126,Connacher Oil & Gas Ltd.,Great Divide,Alberta,Regional Municipality of Wood Buffalo (RMWB),600.00,500 - 750,Planned,No,N/A,Pipeline,,,"[[{""lon"": -111.82931544365083, ""lat"": 56.11350731592327}, {""lon"": -111.51219189344253, ""lat"": 56.146339143882436}]]",line,2026-03-27 08:15:27.400000
2602,en,547,Hydro-Québec,Raccordement du complexe de La Romaine au réseau de transport,Quebec,Camp satellite line 34 5KV,"1,300.00","1,000 - 2,500",Under Construction,No,N/A,Transmission,,,"[[{""lon"": -63.127846286720974, ""lat"": 50.48894626974321}, {""lon"": -66.57519553477161, ""lat"": 50.22393715100787}]]",line,2026-03-27 08:15:27.400000
2603,en,593,Enbridge,Westcoast Connector Gas Transmission Project,British Columbia,Fort St John to Prince Rupert,"6,000.00","5,000 - 10,000",Planned,No,N/A,Pipeline,,,"[[{""lon"": -122.62941305872116, ""lat"": 56.8369599253289}, {""lon"": -130.2868831416294, ""lat"": 54.322935828868324}]]",line,2026-03-27 08:15:27.400000
2604,en,650,TransCanada,Prince Rupert Gas Transmission Project,British Columbia,North Montney to Port Edward (near Prince Rupert),"5,000.00","5,000 - 10,000",Planned,No,N/A,Pipeline,,,"[[{""lon"": -130.29346010802482, ""lat"": 54.23554282730339}, {""lon"": -122.01143165468748, ""lat"": 56.186844993859964}]]",line,2026-03-27 08:15:27.400000
2605,en,651,FortisBC Energy (Vancouver Island) Inc.,Eagle Mountain - Woodfibre LNG Gas Pipeline Projects,British Columbia,Coquitlam to Squamish,350.00,250 - 500,Under Construction,No,N/A,Pipeline,,,"[[{""lon"": -122.79309839543868, ""lat"": 49.28492264787294}, {""lon"": -123.16078757162828, ""lat"": 49.714269623244}]]",line,2026-03-27 08:15:27.400000
2606,en,885,Pacific Northern Gas Ltd.,Pacific Northern Gas Pipeline Looping Project,British Columbia,Kitimat To Summit Lake,"1,300.00","1,000 - 2,500",Planned,No,N/A,Pipeline,,,"[[{""lon"": -128.68556181861072, ""lat"": 54.03302404275836}, {""lon"": -122.63654198142927, ""lat"": 54.270993856528875}]]",line,2026-03-27 08:15:27.400000
2607,en,956,Altalink,Chapel Rock to Pincher Creek Area Transmission Development,Alberta,M.D. of Pincher Creek No. 9,500.00,500 - 750,Planned,No,N/A,Transmission,,,"[[{""lon"": -114.3006649470084, ""lat"": 49.739204629756166}, {""lon"": -113.94712782972196, ""lat"": 49.5698936572677}]]",line,2026-03-27 08:15:27.400000
2608,en,996,"AltaLink, ATCO",Central East Area Transmission Development,Alberta,Multiple locations,332.00,250 - 500,Under Construction,No,N/A,Transmission,,,"[[{""lon"": -110.8995250775973, ""lat"": 52.84847622790844}, {""lon"": -110.26338681525446, ""lat"": 52.48095427247306}]]",line,2026-03-27 08:15:27.400000
2609,en,3206,Hydro-Québec,New England Clean Energy Connect (NECEC) project,Quebec,Across the Quebec border through Beattie township Maine to Lewiston Maine,950.00,"750 - 1,000",Under Construction,No,N/A,Transmission,,,"[[{""lon"": -70.98428277917243, ""lat"": 45.72302928630145}, {""lon"": -69.96081940375113, ""lat"": 45.333579251748986}, {""lon"": -70.21551841404592, ""lat"": 44.10385202430323}]]",line,2026-03-27 08:15:27.400000
2610,en,3208,"Transmission Developers Inc. (TDI),",Transmission Line - Champlain Hudson Power Express,Quebec,Runs south from Canada-US border to the New York metro area,"2,200.00","1,000 - 2,500",Under Construction,No,N/A,Transmission,,,"[[{""lon"": -73.34309052831851, ""lat"": 45.09613609269886}, {""lon"": -73.92068542400284, ""lat"": 40.76311926957715}]]",line,2026-03-27 08:15:27.400000
2611,en,3509,Wataynikaneyap Power,Wataynikaneyap Transmission Project,Ontario,Northwest Ontario,"1,900.00","1,000 - 2,500",Under Construction,No,N/A,Transmission,,,"[[{""lon"": -92.49780627937037, ""lat"": 49.68148268733783}, {""lon"": -91.58400428261058, ""lat"": 51.1649399400299}, {""lon"": -90.19403390058937, ""lat"": 51.46765908434607}]]",line,2026-03-27 08:15:27.400000
2612,en,4000,Hydro One,Northwest Bulk Transmission Line Waasigan Transmission Line,Ontario,Thunder Bay to Dryden,"1,200.00","1,000 - 2,500",Planned,No,N/A,Transmission,,,"[[{""lon"": -89.24195708819956, ""lat"": 48.58398878515795}, {""lon"": -91.61500784379284, ""lat"": 48.74362863409662}, {""lon"": -92.84547841733615, ""lat"": 49.854038682594}]]",line,2026-03-27 08:15:27.400000
2613,en,4073,PEI Energy Corporation,Western PEI Transmission Upgrade,Prince Edward Island,"Western Prince County, PEI",44.00,10 - 50 ,Planned,No,N/A,Transmission,,,"[[{""lon"": -63.77626077337365, ""lat"": 46.43472346996201}, {""lon"": -64.11740865242652, ""lat"": 46.96495485839825}]]",line,2026-03-27 08:15:27.400000
2614,en,4215,Hydro One,Lakeshore Transmission Stations Project Leamington Area Transmission Reinforcement (Lakeshore Transmission Station & Chatham to Lakeshore Line),Ontario,Lakeshore Windsor-Essex,257.00,250 - 500,Under Construction,No,N/A,Transmission,,,"[[{""lon"": -82.60390209543951, ""lat"": 42.203014974089825}, {""lon"": -82.19044027432692, ""lat"": 42.40446445052515}]]",line,2026-03-27 08:15:27.400000
2615,en,4231,Enbridge Frontier Inc.,Frontier NGL Plant and Pipeline Project,British Columbia,Chetwynd,"2,500.00","2,500 - 5,000",Planned,No,N/A,Pipeline,,,"[[{""lon"": -121.66892388778616, ""lat"": 55.71251502712359}, {""lon"": -120.72301079854081, ""lat"": 56.15324116754652}]]",line,2026-03-27 08:15:27.400000
2616,en,6043,Hydro One,Chatham to Lakeshore Transmission Line,Ontario,"Lakeshore, Chatham-Kent Southwestern Ontario",253.00,250 - 500,Under Construction,No,N/A,Transmission,,,"[[{""lon"": -82.19294415626445, ""lat"": 42.413388231634954}, {""lon"": -82.70597430586251, ""lat"": 42.31002818826645}]]",line,2026-03-27 08:15:27.400000
2617,en,6089,Hydro One,St.Clair Transmission Line,Ontario,"St.Clair, Chatham Kent",250.00,250 - 500,Planned,No,N/A,Transmission,,,"[[{""lon"": -82.0953441230177, ""lat"": 42.385228232002554}, {""lon"": -82.70597430586251, ""lat"": 42.31002818826645}]]",line,2026-03-27 08:15:27.400000
2618,en,8130,Hydro One,Longwood to Lakeshore Phase 1,Ontario,Municipality of Strathroy-Caradoc to Municipality of Lakeshore,800.00,"750 - 1,000",Planned,No,N/A,Transmission,,,"[[{""lon"": -81.62679402842653, ""lat"": 42.95939835627326}, {""lon"": -82.70597430586251, ""lat"": 42.31002818826645}]]",line,2026-03-27 08:15:27.400000
2619,en,8131,Hydro One,Longwood to Lakeshore Phase 2,Ontario,Municipality of Strathroy-Caradoc to Municipality of Lakeshore,800.00,"750 - 1,000",Planned,No,N/A,Transmission,,,"[[{""lon"": -81.62679402842653, ""lat"": 42.95939835627326}, {""lon"": -82.70597430586251, ""lat"": 42.31002818826645}]]",line,2026-03-27 08:15:27.400000
2620,en,8132,Hydro One,Mississagi to Third Line Transmission Line,Ontario,"Wharncliffe, Sault Ste. Marie",230.00,100 - 250,Planned,No,N/A,Transmission,,,"[[{""lon"": -83.38830494393625, ""lat"": 46.420008838524176}, {""lon"": -84.32880525809954, ""lat"": 46.54500880450048}]]",line,2026-03-27 08:15:27.400000
2621,en,8133,Hydro One,Northeast Power Line (Mississagi to Hanmer Transmissio Line),Ontario,"Wharncliffe, Sudbury",650.00,500 - 750,Planned,No,N/A,Transmission,,,"[[{""lon"": -83.38830494393625, ""lat"": 46.420008838524176}, {""lon"": -80.92080417506084, ""lat"": 46.63170900785126}]]",line,2026-03-27 08:15:27.400000
2622,en,8134,Hydro One,Greater Toronto Area East Line,Ontario,"Pickering/Oshawa, Peterborough",298.00,250 - 500,Planned,No,N/A,Transmission,,,"[[{""lon"": -79.11390331526452, ""lat"": 43.85240863311178}, {""lon"": -78.84660323977157, ""lat"": 43.98230866757875}, {""lon"": -78.9320032982593, ""lat"": 44.311308720706165}]]",line,2026-03-27 08:15:27.400000
2623,en,8135,TBD,Wawa to Porcupine,Ontario,"Timmins, Greater Sudbury",650.00,500 - 750,Planned,No,N/A,Transmission,,,"[[{""lon"": -84.5469445005294, ""lat"": 47.88515089361095}, {""lon"": -94.90912907573089, ""lat"": 48.46564544491719}]]",line,2026-03-27 08:15:27.400000
2624,en,8136,Hydro One,St. Thomas Line (including Centennial Transformer Station & Line),Ontario,City of London to St. Thomas,381.00,250 - 500,Planned,No,N/A,Transmission,,,"[[{""lon"": -81.1605128809628, ""lat"": 42.93962837493266}, {""lon"": -81.15351986738781, ""lat"": 42.793748349566286}]]",line,2026-03-27 08:15:27.400000
2625,en,8137,PUC Transmisison,PUC Tx Project,Ontario,Sault Ste. Marie,188.00,100 - 250,Planned,No,N/A,Transmission,,,"[[{""lon"": -84.39065727586261, ""lat"": 46.5273917973633}, {""lon"": -84.32880525809954, ""lat"": 46.54500880450048}]]",line,2026-03-27 08:15:27.400000
2626,fr,76,Blue Fuel Energy Corp.,Clean Methanol Plant,Colombie-Britanique,Chetwynd,"1 000,00",1 000 - 2 500,Prévu,Oui,Bioénergie,,55.69815303268969,-121.62970637520029,,point,2026-03-27 08:15:27.400000
2627,fr,536,ecoTECH Energy Group (Canada) Inc,Biomass Project - McBride,Colombie-Britanique,McBride,"140,00",100 - 250,Prévu,Oui,Bioénergie,,53.342923128836276,-120.26762021633148,,point,2026-03-27 08:15:27.400000
2628,fr,703,Éthanol Cellulosique Varennes s.e.c. (Recyclage Carbone Varennes),Usine de carburant à faible intensité carbone (inclut un électrolyseur),Québec,Varennes,"1 200,00",1 000 - 2 500,En construction,Oui,Bioénergie,,45.681224190687864,-73.43509360332713,,point,2026-03-27 08:15:27.400000
2629,fr,758,Pristine Power Inc./Cheslatta Forest Products,Cheslatta Green Energy Project,Colombie-Britanique,Burns Lake,"46,00",10 - 50 ,Prévu,Oui,Bioénergie,,53.579205533293006,-124.95001710191428,,point,2026-03-27 08:15:27.400000
2630,fr,970,Creative Energy Vancouver Platforms Inc.,Creative Energy Plant,Colombie-Britanique,Vancouver,"100,00",100 - 250,En construction,Oui,Bioénergie,,49.27818960970724,-123.11245344429159,,point,2026-03-27 08:15:27.400000
2631,fr,2114,Chantiers Chibougamau inc.,Centrale de cogénération Assinica,Québec,Lebel-sur-Quévillon,"342,00",250 - 500,Prévu,Oui,Bioénergie,,49.93405783371148,-74.33350629654286,,point,2026-03-27 08:15:27.400000
2632,fr,2115,Cogénération Val-d'Or,Cogénération Val-d'Or,Québec,Val-d'Or,"72,00",50 - 100,Prévu,Oui,Bioénergie,,48.14852540375368,-77.79189830123957,,point,2026-03-27 08:15:27.400000
2633,fr,2121,Ainsworth Energy Co. Ltd.,Anahim Lake Bioenergy Project,Colombie-Britanique,"Cariboo, Anahim Lake","15,00",10 - 50 ,Prévu,Oui,Bioénergie,,52.41840330533732,-126.48629291719534,,point,2026-03-27 08:15:27.400000
2634,fr,2122,Yun Ka Whu'ten Holdings,Biomass Project - Anahim Lake,Colombie-Britanique,"Cariboo, Anahim Lake","15,00",10 - 50 ,Prévu,Oui,Bioénergie,,52.46535345624128,-125.31755776109446,,point,2026-03-27 08:15:27.400000
2635,fr,2123,Ainsworth Energy Co. Ltd.,Tumbler Ridge Bioenergy Project,Colombie-Britanique,"Thompson, Okanagan, Kelowna","15,00",10 - 50 ,Prévu,Oui,Bioénergie,,50.02465907974658,-119.37344401338525,,point,2026-03-27 08:15:27.400000
2636,fr,2124,Nations Energy Corp.,Biomass Project - Kamloops,Colombie-Britanique,"Thompson, Okanagan, Kamloops","15,00",10 - 50 ,Prévu,Oui,Bioénergie,,50.716193995918665,-120.38900139195297,,point,2026-03-27 08:15:27.400000
2637,fr,3600,Fibre Pontiac,Fibre Pontiac (The Biomass Conversion Centre),Québec,Pontiac,"120,00",100 - 250,Prévu,Oui,Bioénergie,,45.54231605809882,-76.10905848348709,,point,2026-03-27 08:15:27.400000
2638,fr,4104,Canfor Corporation/Licella,Biofuel Facility,Colombie-Britanique,Prince George,"70,00",50 - 100,Prévu,Oui,Bioénergie,,53.92241583182545,-122.74572286801184,,point,2026-03-27 08:15:27.400000
2639,fr,4154,Sustane Technologies,Sustane Chester,Nouvelle-Écosse,"Chester, NS","16,00",10 - 50 ,En construction,Oui,Bioénergie,,44.71885929532686,-64.23958942328696,,point,2026-03-27 08:15:27.400000
2640,fr,5076,Résolve Énergie,Usine de production d'éthanol cellulosique,Québec,Chaudière-Appalaches,"300,00",250 - 500,Prévu,Oui,Bioénergie,,46.48334082923308,-70.61666490630381,,point,2026-03-27 08:15:27.400000
2641,fr,5077,Greenfield Global,Agrandissement usine d'éthanol à Varennes,Québec,Varennes,"120,00",100 - 250,Prévu,Oui,Bioénergie,,45.68201108867333,-73.44098453886596,,point,2026-03-27 08:15:27.400000
2642,fr,6002,Highwood Organics Processing,Aldersyde Bioenergy Facility,Alberta,Foothills No. 31,"25,00",10 - 50 ,Prévu,Oui,Bioénergie,,50.63106673924745,-113.87502409508629,,point,2026-03-27 08:15:27.400000
2643,fr,6088,Expander Energy,Slave Lake Bio-Mass/Gas to Liquids Plant (Phase 1),Alberta,Lesser Slave River No.124,"30,00",10 - 50 ,Prévu,Oui,Bioénergie,,55.26504493081816,-114.57518575876578,,point,2026-03-27 08:15:27.400000
2644,fr,6090,Imperial Oil Ltd.,Strathcona Refinery Renewable Diesel Expansion,Alberta,Strathcona County,"720,00",500 - 750,En construction,Oui,Bioénergie,,53.546099982986796,-113.38417287374237,,point,2026-03-27 08:15:27.400000
2645,fr,6098,Elkem Métal Canada,Usine de démonstration de fabrication de briquettes de biocarbone,Québec,Chicoutimi,"46,00",10 - 50 ,En construction,Oui,Bioénergie,,48.41233981336846,-71.1298496143123,,point,2026-03-27 08:15:27.400000
2646,fr,7029,Federated Co-operatives Limited,FCL HDRD Plant,Saskatchewan,Regina,"2 000,00",1 000 - 2 500,Prévu,Oui,Bioénergie,,50.43936850516761,-104.72685984383412,,point,2026-03-27 08:15:27.400000
2647,fr,7035,Green Impact Partners (In partnership with Carbon Clean Energy and PCL Construction),Future Energy Park Renewable Natural Gas and Ethanol Project,Alberta,Calgary,"1 200,00",1 000 - 2 500,Prévu,Oui,Bioénergie,,51.010139761953205,-113.91401420907387,,point,2026-03-27 08:15:27.400000
2648,fr,7077,SAF + Consortium,SAF Consortium,Québec,Montreal,"200,00",100 - 250,Prévu,Oui,Bioénergie,,45.597554774103884,-73.60407836987785,,point,2026-03-27 08:15:27.400000
2649,fr,7086,Énergir/WM Québec,WM Sainte-Sophie Landfill RNG Facility,Québec,Saint-Sophie,"200,00",100 - 250,Prévu,Oui,Bioénergie,,45.84605120020925,-73.94108478705101,,point,2026-03-27 08:15:27.400000
2650,fr,8319,Covenant Energy Ltd.,Covenant Energy  Renewable Diesel Facility,Saskatchewan,Lloydminster,"920,00",750 - 1 000,Prévu,Oui,Bioénergie,,53.29464695644856,-109.98372702277987,,point,2026-03-27 08:15:27.400000
2651,fr,3402,Dow Chemical Canada,Dow Net-Zero Polyethylene and Ethylene Derivatives Facility,Alberta,Fort Saskatchewan,"11 500,00",10 000 +,En construction,Oui,Capture et stockage du carbone,,53.7339050194484,-113.17216889065274,,point,2026-03-27 08:15:27.400000
2652,fr,6028,TransAlta Corporation,Glacier Gas Plant CSS (Phase 2),Alberta,Saddle Hills County,"100,00",100 - 250,Prévu,Oui,Capture et stockage du carbone,,55.559547296971765,-119.60377693245539,,point,2026-03-27 08:15:27.400000
2653,fr,6067,Northern Petrochemical Corp.,Northern Petrochemical Ammonia and Methanol Production Facility,Alberta,Greenview No. 16,"2 500,00",2 500 - 5 000,Prévu,Oui,Capture et stockage du carbone,,54.760771401331205,-118.57240841210825,,point,2026-03-27 08:15:27.400000
2654,fr,7040,Heidelberg Materials,Heidelberg Materials Carbon Capture Utilization and Storage Hub,Alberta,Edmonton,"1 360,00",1 000 - 2 500,Prévu,Oui,Capture et stockage du carbone,,53.57980695822925,-113.60601493535256,,point,2026-03-27 08:15:27.400000
2655,fr,7069,The Pathways Alliance,Pathways Alliance Carbon Capture Storage Hub (Phase 1),Alberta,Improvement District No. 349|Wood Buffalo|Lac la Biche County|Improvement District No. 24 Wood Buffalo|Bonnyville No. 87,"16 500,00",10 000 +,Prévu,Oui,Capture et stockage du carbone,,58.15284035767626,-112.28501642926246,,point,2026-03-27 08:15:27.400000
2656,fr,8115,Potentia Renewables Inc.,Skyview 2 Battery Energy Storage System,Ontario,Edwardsburgh-Cardinal,"750,00",750 - 1 000,Prévu,Oui,Stockage d'énergie,,44.14855878536593,-76.84013260635508,,point,2026-03-27 08:15:27.400000
2657,fr,974,Enbridge/ Borealis Inc./ Kitselas First Nation,Lakelse Geothermal Power Plant,Colombie-Britanique,Terrace,"120,00",100 - 250,Prévu,Oui,Géothermique,,54.44564506940774,-128.5403179643181,,point,2026-03-27 08:15:27.400000
2658,fr,4111,Borealis Geopower,Canoe Reach Geothermal Energy Project,Colombie-Britanique,Valemount,"120,00",100 - 250,Prévu,Oui,Géothermique,,52.83062223236273,-119.26593285122959,,point,2026-03-27 08:15:27.400000
2659,fr,4198,Climate Transition Development Corporation,Greenview Geothermal Power Plant (Alberta No. 1),Alberta,Greenview No. 16,"106,00",100 - 250,Prévu,Oui,Géothermique,,54.84183341959331,-117.6498575653256,,point,2026-03-27 08:15:27.400000
2660,fr,5010,Deh Tai GP Ltd,Clarke Lake Geothermal Development,Colombie-Britanique,Fort Nelson,"100,00",100 - 250,Prévu,Oui,Géothermique,,58.772043036142314,-122.66014132981157,,point,2026-03-27 08:15:27.400000
2661,fr,6104,NTPC,Whati Transmission Line,Territoires du Nord-Ouest,Whati to Snare Hydro Complex,"41,50",10 - 50 ,Prévu,Oui,Hydro,,63.25242788954209,-116.73558351352949,,point,2026-03-27 08:15:27.400000
2662,fr,67,BC Hydro,Peace River Site C Hydro-electric project,Colombie-Britanique,Fort St. John,"16 000,00",10 000 +,En construction,Oui,Hydro,,56.250795152938124,-120.8483104651631,,point,2026-03-27 08:15:27.400000
2663,fr,165,WindRiver Power Corp.,Kinskuch Hydroelectric Project,Colombie-Britanique,Iskut,"250,00",250 - 500,Prévu,Oui,Hydro,,57.85717888202591,-129.97926772233177,,point,2026-03-27 08:15:27.400000
2664,fr,188,Fosthall Creek Power LP,Fosthall Creek Hydropower Project,Colombie-Britanique,Nakusp,"50,00",50 - 100,Prévu,Oui,Hydro,,50.241338271704784,-117.80108978074341,,point,2026-03-27 08:15:27.400000
2665,fr,220,Hydro-Québec,Rénovation de groupes à la centrale électrique Beauharnois,Québec,Beauharnois,"1 600,00",1 000 - 2 500,En construction,Oui,Hydro,,45.32898811241681,-73.87550572317538,,point,2026-03-27 08:15:27.400000
2666,fr,298,NB Power and Partners,Smart Grid Investments Phase,Nouveau-Brunswick,Various locations across NB  (St. John),"147,00",100 - 250,En construction,Oui,Hydro,,45.275189351486695,-66.06856207473336,,point,2026-03-27 08:15:27.400000
2667,fr,545,Holmes Hydro,Robson Valley Hydroelectric Project,Colombie-Britanique,McBride,"200,00",100 - 250,Prévu,Oui,Hydro,,53.34686518237983,-119.84065113668431,,point,2026-03-27 08:15:27.400000
2668,fr,725,Greater Vancouver Regional District,Capilano (Cleveland) Dam Power Plant,Colombie-Britanique,North Vancouver,"90,00",50 - 100,Prévu,Oui,Hydro,,49.3605096147232,-123.11086546642917,,point,2026-03-27 08:15:27.400000
2669,fr,753,Kruger Energy Inc.,Maselpanik Creek Hydro Project,Colombie-Britanique,Chilliwack,"35,00",10 - 50 ,Prévu,Oui,Hydro,,49.089005814775916,-121.25841509066645,,point,2026-03-27 08:15:27.400000
2670,fr,757,Innergex Renewable Energy Inc.,Shovel Creek Hydroelectric Project,Colombie-Britanique,Harrison Hot Springs,"40,00",10 - 50 ,Prévu,Oui,Hydro,,49.72120578115957,-121.8148153526896,,point,2026-03-27 08:15:27.400000
2671,fr,759,KMC Power,Tamihi Creek Hydro Project,Colombie-Britanique,Chilliwack,"50,00",50 - 100,Prévu,Oui,Hydro,,49.04610574860923,-121.81961517251978,,point,2026-03-27 08:15:27.400000
2672,fr,764,Highwater Power Corporation Altagas Ltd.,Log Creek Water Power  Project,Colombie-Britanique,Boston Bar,"20,00",10 - 50 ,Prévu,Oui,Hydro,,50.058845809258266,-121.71741143265548,,point,2026-03-27 08:15:27.400000
2673,fr,1002,"Ministère du développement durable, de l'environnement et des parcs",Réfection du barrage des Quinze,Québec,Angliers,"110,00",100 - 250,En construction,Oui,Hydro,,47.5536497395114,-79.24020052176486,,point,2026-03-27 08:15:27.400000
2674,fr,1026,Hydro-Québec,Réhabilitation de la centrale Robert-Bourassa,Québec,Baie-James,"732,00",500 - 750,En construction,Oui,Hydro,,53.79520621155595,-77.43997590708145,,point,2026-03-27 08:15:27.400000
2675,fr,1041,"Énergie hydroélectrique Pessamit, Société en commandite",Centrale hydroélectrique des chutes du six milles,Québec,Forestville,"45,00",10 - 50 ,Prévu,Oui,Hydro,,48.723898741700125,-69.15833365878879,,point,2026-03-27 08:15:27.400000
2676,fr,1049,"Énergie hydroélectrique Pessamit, Société en commandite",Centrale hydroélectrique de la chute du quatre milles,Québec,Forestville,"22,00",10 - 50 ,Prévu,Oui,Hydro,,48.72639874641933,-69.0927781365157,,point,2026-03-27 08:15:27.400000
2677,fr,1050,"Manouane Sipi, Société en commandite

",Centrale hydroélectrique Manouane Sipi (Dam B),Québec,La Tuque,"100,00",100 - 250,Prévu,Oui,Hydro,,47.38120946849655,-73.57270179046289,,point,2026-03-27 08:15:27.400000
2678,fr,1063,NTPC,Taltson Hydroelectricity Expansion Project (Phase 1),Territoires du Nord-Ouest,Multiple locations,"1 200,00",1 000 - 2 500,En construction,Oui,Hydro,,61.443080421813875,-112.71445927184739,,point,2026-03-27 08:15:27.400000
2679,fr,2025,Synex Energy Resources Ltd.,Victoria Lake Hydro Project,Colombie-Britanique,"Vancouver Island/Coast, Port Alice","18,00",10 - 50 ,Prévu,Oui,Hydro,,50.43487012859043,-127.48676841941774,,point,2026-03-27 08:15:27.400000
2680,fr,3643,Manitoba Hydro,Dorsey Synchronous Condenser Refurbishment,Manitoba,Dorsey,"65,40",50 - 100,En construction,Oui,Hydro,,49.90592833509774,-97.12396969452502,,point,2026-03-27 08:15:27.400000
2681,fr,4077,Synex Energy Resources Ltd.,Victoria Lake Hydro Project,Colombie-Britanique,Port Alice,"18,00",10 - 50 ,Prévu,Oui,Hydro,,50.424702129188304,-127.48728041724996,,point,2026-03-27 08:15:27.400000
2682,fr,4079,BC Hydro,Mica 600V Circuit Breaker Upgrades Project,Colombie-Britanique,Revelstoke,"32,00",10 - 50 ,En construction,Oui,Hydro,,51.049743272838825,-118.19468608791263,,point,2026-03-27 08:15:27.400000
2683,fr,4080,Pacific Greengen Power Inc.,Fries Creek Hydroelectric Project,Colombie-Britanique,Harrison Hot Springs,"20,00",10 - 50 ,Prévu,Oui,Hydro,,49.30777176217097,-121.79963723788129,,point,2026-03-27 08:15:27.400000
2684,fr,4081,BC Hydro,Cheakamus Recoat Units 1 & 2 Penstock Project,Colombie-Britanique,Squamish,"35,00",10 - 50 ,En construction,Oui,Hydro,,49.702858623121855,-123.15902656864714,,point,2026-03-27 08:15:27.400000
2685,fr,4093,BC Hydro,Mica Modernize Controls (Digital) Project,Colombie-Britanique,Revelstoke,"56,00",50 - 100,En construction,Oui,Hydro,,51.001448269397514,-118.19375507247065,,point,2026-03-27 08:15:27.400000
2686,fr,4201,Manitoba Hydro,Portage Area Capacity Enhancements,Manitoba,Portage la Prarie Area,"84,80",50 - 100,En construction,Oui,Hydro,,49.97230824054932,-98.29031004119356,,point,2026-03-27 08:15:27.403333
2687,fr,4224,WindRiver Power Corp. & TC Energy,Canyon Creek Hydro Power Project (storage),Alberta,Yellowhead County,"200,00",100 - 250,Prévu,Oui,Hydro,,53.53011154187485,-117.52454425439852,,point,2026-03-27 08:15:27.403333
2688,fr,5018,Tlingit Homeland Energy Limited Partnership (THELP),Atlin Hydro Expansion project,Colombie-Britanique,Atlin,"330,00",250 - 500,Prévu,Oui,Hydro,,59.582978309458504,-133.64456514110927,,point,2026-03-27 08:15:27.403333
2689,fr,5066,Ontario Power Generation,Redevelopment of the Calabogie site,Ontario,Greater Madawaska,"137,00",100 - 250,En construction,Oui,Hydro,,45.303539991518605,-76.7107076610028,,point,2026-03-27 08:15:27.403333
2690,fr,5067,Ontario Power Generation,Redevelopment of Coniston station,Ontario,Sudbury,"85,00",50 - 100,Prévu,Oui,Hydro,,46.4746189873983,-80.81837312268169,,point,2026-03-27 08:15:27.403333
2691,fr,6045,Manitoba Hydro,Limestone Units 1-3 & 5-10 Stator Re-Wedge,Manitoba,Nelson River,"37,80",10 - 50 ,En construction,Oui,Hydro,,56.50690927832008,-94.10691042372036,,point,2026-03-27 08:15:27.403333
2692,fr,6047,Manitoba Hydro,Long Spruce Generator Protection Replacement,Manitoba,Nelson River,"22,50",10 - 50 ,En construction,Oui,Hydro,,56.39790924556829,-94.36921047473238,,point,2026-03-27 08:15:27.403333
2693,fr,7073,Manitoba Hydro,Pointe du Bois Renewable Energy Project,Manitoba,Wpg River,"387,30",250 - 500,En construction,Oui,Hydro,,50.30000851434925,-95.55000931596169,,point,2026-03-27 08:15:27.403333
2694,fr,8085,Churchill Falls Labrador Corporation,Electric Utility 2024 Capital Program (Churchill Falls Labrador Corporation),Terre-Neuve-et-Labrador,Labrador,"105,70",100 - 250,En construction,Oui,Hydro,,53.594618683678604,-64.30802990540812,,point,2026-03-27 08:15:27.403333
2695,fr,8086,Newfoundland and Labrador Hydro,Electric Utility 2024 Capital Program (Newfoundland and Labrador Hydro),Terre-Neuve-et-Labrador,Various,"139,30",100 - 250,En construction,Oui,Hydro,,54.18001085139709,-58.42999663894855,,point,2026-03-27 08:15:27.403333
2696,fr,8087,Newfoundland Power Inc.,Electric Utility 2024 Capital Program (Newfoundland Power Inc.),Terre-Neuve-et-Labrador,Various,"115,90",100 - 250,En construction,Oui,Hydro,,48.5500100368941,-58.42999651375843,,point,2026-03-27 08:15:27.403333
2697,fr,8107,Ontario Power Generation,Sir Adam Beck Complex Refurbishment,Ontario,Niagara Falls,"1 000,00",1 000 - 2 500,Prévu,Oui,Hydro,,43.14910851148513,-79.04442323243475,,point,2026-03-27 08:15:27.403333
2698,fr,8108,Ontario Power Generation,R.H. Saunders Refurbishment,Ontario,Cornwall,"600,00",500 - 750,Prévu,Oui,Hydro,,45.00962902123348,-74.78765200244551,,point,2026-03-27 08:15:27.403333
2699,fr,8327,Manitoba Hydro,Ashern Station Bank Addition,Manitoba,Ashern,"20,59",10 - 50 ,En construction,Oui,Hydro,,51.182208366843184,-98.34551032330548,,point,2026-03-27 08:15:27.403333
2700,fr,8328,Manitoba Hydro,Slave Falls 7 Bay Sluiceway Concrete Res,Manitoba,Wpg River,"84,32",50 - 100,En construction,Oui,Hydro,,50.22200850338435,-95.56800930504849,,point,2026-03-27 08:15:27.403333
2701,fr,8329,Manitoba Hydro,Dauphin Vermillion 230kV Stn Capacity In,Manitoba,Dauphin,"20,85",10 - 50 ,En construction,Oui,Hydro,,51.149008208168205,-100.04901080101858,,point,2026-03-27 08:15:27.403333
2702,fr,333,Ontario Power Generation,Darlington Refurbishment Project,Ontario,Clarington,"12 800,00",10 000 +,En construction,Oui,Nucléaire,,43.86987765370181,-78.71949018864062,,point,2026-03-27 08:15:27.403333
2703,fr,654,Bruce Power,Bruce Nuclear Refurbishment,Ontario,Tiverton,"13 000,00",10 000 +,En construction,Oui,Nucléaire,,44.32730859487263,-81.58610414476549,,point,2026-03-27 08:15:27.403333
2704,fr,4072,PEI Energy Corporation,Borden Battery Park,Île-du-Prince-Édouard,Borden-Carleton,"35,00",10 - 50 ,Prévu,Oui,Autre,,46.253772175730134,-63.69216049802934,,point,2026-03-27 08:15:27.403333
2705,fr,4216,NRStor and Six Nations of the Grand River Development Corporation Oneida Energy Storage LP,Oneida Energy Storage,Ontario,Ohsweken Nanticoke,"800,00",750 - 1 000,Prévu,Oui,Autre,,42.82699540697331,-80.05929852530481,,point,2026-03-27 08:15:27.403333
2706,fr,4219,Yukon Energy Corporation,Grid-Scale Battery Storage,Yukon,Whitehorse,"35,00",10 - 50 ,En construction,Oui,Autre,,60.77924202999076,-135.27313707668182,,point,2026-03-27 08:15:27.403333
2707,fr,6101,Ville de Québec,Projet de valorisation de la vapeur de l'incinérateur pour le CHU de Québec - Université Laval,Québec,Ville de Québec,"43,80",10 - 50 ,Prévu,Oui,Autre,,46.83470946667822,-71.20330093275318,,point,2026-03-27 08:15:27.403333
2708,fr,4057,EDF Renewables Canada,Vulcan Solar Project,Alberta,Vulcan County,"155,00",100 - 250,Prévu,Oui,Solaire,,50.40378979208051,-113.25314690001144,,point,2026-03-27 08:15:27.403333
2709,fr,4188,Alpin Sun,Airport City Solar,Alberta,Leduc County,"169,00",100 - 250,Prévu,Oui,Solaire,,53.291085568662865,-113.5936694692827,,point,2026-03-27 08:15:27.403333
2710,fr,6016,Voltarix Group,Creekside Solar Project,Alberta,Leduc County,"43,00",10 - 50 ,Prévu,Oui,Solaire,,53.24715291243408,-113.82518687368807,,point,2026-03-27 08:15:27.403333
2711,fr,6017,ATCO,Deerfoot Solar Project,Alberta,Calgary,"50,00",50 - 100,En construction,Oui,Solaire,,50.93948275011693,-113.96523820092142,,point,2026-03-27 08:15:27.403333
2712,fr,6062,Voltarix Group,Moon Lake Solar Project,Alberta,Parkland County,"43,00",10 - 50 ,Prévu,Oui,Solaire,,53.42250078412357,-114.99053218644902,,point,2026-03-27 08:15:27.403333
2713,fr,6083,Voltarix Group,Rocktree Solar Project,Alberta,Parkland County,"40,00",10 - 50 ,Prévu,Oui,Solaire,,53.515094918936676,-113.91209598176626,,point,2026-03-27 08:15:27.403333
2714,fr,6084,DP Energy,Saamis Solar Farm,Alberta,Medicine Hat,"600,00",500 - 750,Prévu,Oui,Solaire,,50.07068104136028,-110.70735324998958,,point,2026-03-27 08:15:27.403333
2715,fr,6086,Silicon Ranch,Scottford Refinery Solar Farm,Alberta,Strathcona County,"100,00",100 - 250,En construction,Oui,Solaire,,53.804246032893666,-113.08892089282085,,point,2026-03-27 08:15:27.403333
2716,fr,7042,Kiwetinohk Energy Corp,Homestead Solar Project,Alberta,Willow Creek No. 26,"500,00",500 - 750,Prévu,Oui,Solaire,,49.98142074177492,-113.44601383107721,,point,2026-03-27 08:15:27.403333
2717,fr,7047,Northland Power,Jurassic Solar and Battery Storage,Alberta,Cypress County,"500,00",500 - 750,En construction,Oui,Solaire,,50.66321104513456,-111.11601349770832,,point,2026-03-27 08:15:27.403333
2718,fr,7055,Kiwetinohk Energy Corp,Phoenix Solar Project,Alberta,Red Deer County,"320,00",250 - 500,Prévu,Oui,Solaire,,52.238027812803274,-114.15701462513617,,point,2026-03-27 08:15:27.403333
2719,fr,7057,Greengate Power Corporation,Luna Solar Project (Phase One),Alberta,Newell County,"700,00",500 - 750,En construction,Oui,Solaire,,50.60377491848504,-112.23601373213037,,point,2026-03-27 08:15:27.403333
2720,fr,7058,Greengate Power Corporation,Luna Solar Project (Phase Two),Alberta,Newell County,"700,00",500 - 750,Prévu,Oui,Solaire,,50.58239591558705,-112.24601372795794,,point,2026-03-27 08:15:27.403333
2721,fr,7078,Pace Canada LP,Salt Flats Solar Project,Alberta,Brooks,"28,00",10 - 50 ,Prévu,Oui,Solaire,,50.582851951926116,-111.91401365626616,,point,2026-03-27 08:15:27.403333
2722,fr,7081,ABO Wind Canada Ltd.,Stettler Solar and Battery Storage Project,Alberta,Stettler County No. 6,"160,00",100 - 250,Prévu,Oui,Solaire,,52.29043997702485,-112.75601433198032,,point,2026-03-27 08:15:27.403333
2723,fr,7083,Evolugen by Brookfield Renewable,Sunrise Solar Project,Alberta,Pincher Creek No. 9,"140,00",100 - 250,Prévu,Oui,Solaire,,49.50343665072535,-113.96301381589504,,point,2026-03-27 08:15:27.403333
2724,fr,8001,Renewable Energy Systems Canada Inc.,Enterprise Solar Project,Alberta,Vulcan County,"175,00",100 - 250,En construction,Oui,Solaire,,50.37388877900198,-113.35782491617891,,point,2026-03-27 08:15:27.403333
2725,fr,8002,Renewable Energy Systems Canada Inc.,Big Sky Solar Project,Alberta,Acadia No. 34,"200,00",100 - 250,En construction,Oui,Solaire,,51.19666617526284,-110.28504745129067,,point,2026-03-27 08:15:27.403333
2726,fr,8005,MYTILINEOS Energy & Metals,Red Willow Solar,Alberta,Stettler County No. 6,"315,00",250 - 500,Prévu,Oui,Solaire,,52.411529020275935,-112.46171430279654,,point,2026-03-27 08:15:27.403333
2727,fr,8006,MYTILINEOS Energy & Metals,Sunnynook Solar Project,Alberta,Special Area No. 2,"385,00",250 - 500,Prévu,Oui,Solaire,,51.325488045728534,-111.55785977985856,,point,2026-03-27 08:15:27.403333
2728,fr,8007,MYTILINEOS Energy & Metals,Dolcy Solar Project,Alberta,Wainwright No. 61,"275,00",250 - 500,Prévu,Oui,Solaire,,52.68557526410013,-110.47290292641775,,point,2026-03-27 08:15:27.403333
2729,fr,8009,Peace Energy Cooperative,Peace River Energy Project,Alberta,Peace River,"10,00",10 - 50 ,En construction,Oui,Solaire,,56.24325961802046,-117.35159675881134,,point,2026-03-27 08:15:27.403333
2730,fr,8010,ATCO,Forty Mile Solar Farm (Granlea Phase 2),Alberta,Forty Mile County No. 8,"400,00",250 - 500,En construction,Oui,Solaire,,49.696514952160506,-111.27160428155803,,point,2026-03-27 08:15:27.403333
2731,fr,8011,Solar Krafte and Kinbrook Solar,Rainier Solar Farm,Alberta,Newell County,"700,00",500 - 750,Prévu,Oui,Solaire,,50.50213794024314,-111.97481564850649,,point,2026-03-27 08:15:27.403333
2732,fr,8021,Horizon New Energy,Aira Solar Project,Alberta,Forty Mile County No. 8,"700,00",500 - 750,Prévu,Oui,Solaire,,49.593546980098836,-110.93400418104007,,point,2026-03-27 08:15:27.403333
2733,fr,8022,hep Energy,Alderson Solar Power Project,Alberta,Cypress County,"150,00",100 - 250,Prévu,Oui,Solaire,,50.35223699524816,-111.36066847007169,,point,2026-03-27 08:15:27.403333
2734,fr,8024,FortisAlberta,Bassano 435S DER Solar,Alberta,Newell County,"15,00",10 - 50 ,En construction,Oui,Solaire,,50.6740259163967,-112.31131976780539,,point,2026-03-27 08:15:27.403333
2735,fr,8029,Renewable Energy Systems Canada Inc.,Nova Solar Project,Alberta,Wheatland County,"225,00",100 - 250,Prévu,Oui,Solaire,,50.84036279377887,-113.52506107992372,,point,2026-03-27 08:15:27.403333
2736,fr,8032,PR Development GP Inc.,Prominence Solar Project,Alberta,Lethbridge County,"120,00",100 - 250,Prévu,Oui,Solaire,,49.857671811480685,-112.71884364191413,,point,2026-03-27 08:15:27.403333
2737,fr,754,Pacific Coastal Wave Energy Corp.,Wave Energy Project,Colombie-Britanique,Ucluelet,"20,00",10 - 50 ,Prévu,Oui,Marémotrice,,48.920605313372754,-125.54481571782894,,point,2026-03-27 08:15:27.403333
2738,fr,4153,DP Energy Limited (Haligonia Tidal Energy Ltd. / Rio Fundo Operations Canada Ltd.),Uisce Tapa In-Stream Tidal Energy Project,Nouvelle-Écosse,Bay of Fundy,"117,00",100 - 250,Prévu,Oui,Marémotrice,,45.36465840518318,-64.42845151533173,,point,2026-03-27 08:15:27.403333
2739,fr,4204,Jupiter Hydro,In-Stream Tidal Demonstration Project,Nouvelle-Écosse,Bay of Fundy,"23,30",10 - 50 ,Prévu,Oui,Marémotrice,,45.357413405075945,-64.40966550695899,,point,2026-03-27 08:15:27.403333
2740,fr,4205,Nova Innovation,The Nova Tidal Array (Petit Passage),Nouvelle-Écosse,Petit Passage,"22,00",10 - 50 ,En construction,Oui,Marémotrice,,44.3923451902667,-66.20675907830483,,point,2026-03-27 08:15:27.403333
2741,fr,10,Aeolis Wind Power Corporation,Hackney Hills Wind Park,Colombie-Britanique,Fort St. John,"400,00",250 - 500,Prévu,Oui,Éolienne,,56.24926915303787,-120.84756646255396,,point,2026-03-27 08:15:27.403333
2742,fr,283,Mount Hays Wind Farm Limited Partnership,Mount Hays Wind Farm,Colombie-Britanique,Prince Rupert,"125,00",100 - 250,Prévu,Oui,Éolienne,,54.29148782491433,-130.30822113182606,,point,2026-03-27 08:15:27.403333
2743,fr,293,Capstone Infrastructure Corporation,Wild Rose' Wind Farm (Phase 2),Alberta,Cypress County (S of Irvine),"300,00",250 - 500,En construction,Oui,Éolienne,,49.9560870790788,-110.26577211996009,,point,2026-03-27 08:15:27.403333
2744,fr,692,EDF Renouvelables,Taylor Wind Project,Colombie-Britanique,Taylor,"900,00",750 - 1 000,Prévu,Oui,Éolienne,,55.99995315826963,-120.76406333996326,,point,2026-03-27 08:15:27.403333
2745,fr,983,Red Willow Wind LP,Red Willow Wind Farm,Colombie-Britanique,Tumbler Ridge,"480,00",250 - 500,Prévu,Oui,Éolienne,,54.80866917107059,-120.37502777981982,,point,2026-03-27 08:15:27.403333
2746,fr,2020,PEI Energy Corporation,PEIEC Wind Farm #5,Île-du-Prince-Édouard,Eastern Kings,"80,00",50 - 100,En construction,Oui,Éolienne,,46.433855637314906,-62.0998197500688,,point,2026-03-27 08:15:27.403333
2747,fr,2059,Aeolis / Boralex,Hackney Hills Wind Park (Aeolis / Boralex),Colombie-Britanique,Fort St. John,"5 200,00",5 000 - 10 000,Prévu,Oui,Éolienne,,56.24772515471928,-120.84189946150133,,point,2026-03-27 08:15:27.403333
2748,fr,2110,"Nation Innue, RES et Boralex",Apuiat,Québec,MRC de Sept-Rivières,"600,00",500 - 750,En construction,Oui,Éolienne,,50.21057015396229,-66.37465246018533,,point,2026-03-27 08:15:27.403333
2749,fr,4096,Boralex,Babcock Ridge Wind Farm,Colombie-Britanique,Tumbler Ridge,"50,00",50 - 100,Prévu,Oui,Éolienne,,55.111676098148344,-121.00065101738561,,point,2026-03-27 08:15:27.403333
2750,fr,4220,Port Hawkesbury Paper,Goose Harbour Lake Wind Farm (formerly Pirate Harbour),Nouvelle-Écosse,Point Tupper,"155,00",100 - 250,Prévu,Oui,Éolienne,,45.60570360575094,-61.37092407029237,,point,2026-03-27 08:15:27.403333
2751,fr,6030,Capital Power,Halkirk Wind Project Phase 2,Alberta,Paintearth County No. 18,"274,00",250 - 500,En construction,Oui,Éolienne,,52.2357210485371,-112.11133016915629,,point,2026-03-27 08:15:27.403333
2752,fr,7032,ACCIONA Energía,Forty Mile Wind Project (ACCONIA),Alberta,Forty Mile County No. 8,"400,00",250 - 500,En construction,Oui,Éolienne,,49.79284196867155,-111.18601328705076,,point,2026-03-27 08:15:27.403333
2753,fr,7079,Invenergy,Skinners Pond Wind Energy Centre,Île-du-Prince-Édouard,Sherbrooke; Tignish,"85,00",50 - 100,Prévu,Oui,Éolienne,,46.42192268375068,-63.77014007164625,,point,2026-03-27 08:15:27.403333
2754,fr,7085,Enerfin Energy Company of Canada Inc.,Winnifred Wind Power Project,Alberta,Forty Mile County No. 8|Cypress County,"180,00",100 - 250,En construction,Oui,Éolienne,,49.940744994924856,-111.04901329386502,,point,2026-03-27 08:15:27.403333
2755,fr,8025,ENGIE Development Canada LP,Buffalo Trail North Wind Project,Alberta,Cypress County,"200,00",100 - 250,En construction,Oui,Éolienne,,49.84235606340341,-110.32929810639786,,point,2026-03-27 08:15:27.403333
2756,fr,8043,EDF EN Canada,Pe-Na-Koyim Wind Project,Alberta,Blood 148,"425,00",250 - 500,Prévu,Oui,Éolienne,,49.44702573738304,-113.12142762346306,,point,2026-03-27 08:15:27.403333
2757,fr,75,IPC Canada Ltd.,Blackrod,Alberta,Regional Municipality of Wood Buffalo (RMWB) & Lac La Biche County,"2 927,00",2 500 - 5 000,En construction,Non,N/A,,55.611718192527775,-112.61193843788737,,point,2026-03-27 08:15:27.403333
2758,fr,89,Canadian Natural Resources Limited,Grouse,Alberta,Hudson Hope,"1 530,00",1 000 - 2 500,Prévu,Non,N/A,,55.466299088800085,-111.75578167788436,,point,2026-03-27 08:15:27.403333
2759,fr,140,Canadian Natural Resources Limited,Pike (Formely Kirby),Alberta,Lac la Biche County,"7 700,00",5 000 - 10 000,Prévu,Non,N/A,,55.448226400882255,-110.82403594354774,,point,2026-03-27 08:15:27.403333
2760,fr,207,Harvest Operations Corp.,BlackGold Oil Sands Project,Alberta,Regional Municipality of Wood Buffalo (SE of Conklin),"540,00",500 - 750,Prévu,Non,N/A,,55.58264649024491,-110.9730248301697,,point,2026-03-27 08:15:27.403333
2761,fr,215,Husky Energy Inc.,White Rose Expansion,Terre-Neuve-et-Labrador,Offshore Newfoundland,"2 300,00",1 000 - 2 500,En construction,Non,N/A,,47.100054801869035,-48.713372081034386,,point,2026-03-27 08:15:27.403333
2762,fr,341,Osum Oil Sands Corp.,Taiga,Alberta,MD of Bonnyville (N of Cold Lake),"1 570,00",1 000 - 2 500,Prévu,Non,N/A,,54.680885237327786,-110.13649482869653,,point,2026-03-27 08:15:27.406666
2763,fr,397,"LNG Canada (Shell Canada Limited, PETRONAS, Korea Gas Corporation (KOGAS), Mitsubishi Corporation, and PetroChina Company Limited)",LNG Canada Phase 1,Colombie-Britanique,Kitimat,"47 900,00",10 000 +,En construction,Non,N/A,,54.08195605054043,-128.63807583162247,,point,2026-03-27 08:15:27.406666
2764,fr,399,Canadian Natural Resources Limited,AOSP Jackpine,Alberta,Fort McMurray,"12 000,00",10 000 +,Prévu,Non,N/A,,57.224504531129696,-111.36769668637707,,point,2026-03-27 08:15:27.406666
2765,fr,422,Suncor Energy Inc.,Lewis,Alberta,Regional Municipality of Wood Buffalo,"6 200,00",5 000 - 10 000,Prévu,Non,N/A,,56.94062750751476,-111.0483611526399,,point,2026-03-27 08:15:27.406666
2766,fr,427,Sunshine Oilsands Ltd.,Thickwood (Sunshine),Alberta,Regional Municipality of Wood Buffalo (RMWB) & Municipal District of Opportunity,"1 753,00",1 000 - 2 500,Prévu,Non,N/A,,56.83332213272563,-112.78679927161589,,point,2026-03-27 08:15:27.406666
2767,fr,429,Sunshine Oilsands Ltd.,West Ells,Alberta,MD of Opportunity,"2 950,00",2 500 - 5 000,Prévu,Non,N/A,,57.20249825698639,-112.72925381463206,,point,2026-03-27 08:15:27.406666
2768,fr,515,Athabasca Oil Corporation,Dover West Clastics,Alberta,Municipal District of Opportunity,"615,00",500 - 750,Prévu,Non,N/A,,57.10045918999997,-113.22511419208392,,point,2026-03-27 08:15:27.406666
2769,fr,566,MEG Energy Corp.,Surmont (MEG),Alberta,Regional Municipality of Wood Buffalo (RMWB),"5 000,00",5 000 - 10 000,Prévu,Non,N/A,,56.03446644647128,-110.72023014054042,,point,2026-03-27 08:15:27.406666
2770,fr,584,Quicksilver Resources/ Kohlberg Kravis Roberts & Co. L.P. (KKR),Fortune Creek Gas Plant,Colombie-Britanique,Fort Nelson,"760,00",750 - 1 000,Prévu,Non,N/A,,58.805561953355244,-122.69543305064624,,point,2026-03-27 08:15:27.406666
2771,fr,587,Rio Tinto Alcan Inc.,Kemano Tunnel Project (T2),Colombie-Britanique,Kitimat,"500,00",500 - 750,En construction,Non,N/A,,53.63813014145951,-127.92482256362713,,point,2026-03-27 08:15:27.406666
2772,fr,607,Value Creation Inc.,TriStar Advanced (In Situ + Upgrader),Alberta,Regional Municipality of Wood Buffalo (RMWB),"2 000,00",1 000 - 2 500,Prévu,Non,N/A,,56.736821431867355,-111.15659353076784,,point,2026-03-27 08:15:27.406666
2773,fr,629,Sunshine Oilsands Ltd.,West Ells,Alberta,MD of Opportunity,"2 100,00",1 000 - 2 500,Prévu,Non,N/A,,57.20249825698639,-112.72925381463206,,point,2026-03-27 08:15:27.406666
2774,fr,649,Husky Oil Operations Ltd.,Saleski' Thermal Oil Sands Project Using CSS,Alberta,M.D. of Opportunity No. 17,"300,00",250 - 500,Prévu,Non,N/A,,56.59335069186159,-113.01275822593301,,point,2026-03-27 08:15:27.406666
2775,fr,652,Woodfibre LNG,Woodfibre LNG project,Colombie-Britanique,Squamish,"6 880,00",5 000 - 10 000,En construction,Non,N/A,,49.66667261106278,-123.2527935730007,,point,2026-03-27 08:15:27.406666
2776,fr,684,Osum Oil Sands Corp.,Sepiko Kesik Project,Alberta,Municipal District of Opportunity,"3 200,00",2 500 - 5 000,Prévu,Non,N/A,,56.689006357656304,-113.13101269811,,point,2026-03-27 08:15:27.406666
2777,fr,693,Imperial Oil Limited,Aspen' oil sands project (SAGD),Alberta,Regional Municipality of Wood Buffalo,"5 200,00",5 000 - 10 000,Prévu,Non,N/A,,57.24238941042507,-111.53911583727455,,point,2026-03-27 08:15:27.406666
2778,fr,697,"Husky Energy Inc., Suncor, Nalcor Energy",White Rose Expansion - White Rose West,Terre-Neuve-et-Labrador,Offshore Newfoundland,"3 800,00",2 500 - 5 000,En construction,Non,N/A,,46.471909691658915,-48.00539284949052,,point,2026-03-27 08:15:27.406666
2779,fr,707,Port Alberni Harbour Authority,Port Alberni LNG Export Facility,Colombie-Britanique,Port Alberni,"1 600,00",1 000 - 2 500,Prévu,Non,N/A,,49.23001940949698,-124.81107569248316,,point,2026-03-27 08:15:27.406666
2780,fr,718,Kitimat Clean Ltd.,Kitimat Clean Oil Refinery,Colombie-Britanique,Kitimat,"22 000,00",10 000 +,Prévu,Non,N/A,,54.16667174310097,-128.7000178722288,,point,2026-03-27 08:15:27.406666
2781,fr,737,BC Hydro,Capilano Substation Upgrade,Colombie-Britanique,North Vancouver,"87,00",50 - 100,En construction,Non,N/A,,49.3350756137466,-123.10830445934201,,point,2026-03-27 08:15:27.406666
2782,fr,808,Spartan Delta Inception Exploration Ltd.,Greenview Sour Gas plant,Alberta,Greenview,"50,00",50 - 100,Prévu,Non,N/A,,54.70000710578636,-119.01501586526526,,point,2026-03-27 08:15:27.406666
2783,fr,818,Athabasca Oil Corporation,Hangingstone Oil Sands,Alberta,Fort McMurray-Conklin,"640,00",500 - 750,Prévu,Non,N/A,,56.4761462876768,-111.40765438651681,,point,2026-03-27 08:15:27.406666
2784,fr,841,Canadian Natural Resources Limited,Jackfish,Alberta,Regional Municipality of Wood Buffalo (SE of Conklin),"1 300,00",1 000 - 2 500,Prévu,Non,N/A,,55.527907399695295,-110.87381498492836,,point,2026-03-27 08:15:27.406666
2785,fr,850,Syncrude Canada Ltd.,Stage 4a - MLX-W,Alberta,Mildred Lake,"3 300,00",2 500 - 5 000,En construction,Non,N/A,,57.04521839482405,-111.58510376639647,,point,2026-03-27 08:15:27.406666
2786,fr,857,Bear Head Energy,Bear Head Energy,Nouvelle-Écosse,Richmond County,"8 000,00",5 000 - 10 000,Prévu,Non,N/A,,45.596597504749376,-61.35684146343753,,point,2026-03-27 08:15:27.406666
2787,fr,858,ConocoPhillips Canada,Surmont (ConocoPhillips),Alberta,Regional Municipality of Wood Buffalo,"6 000,00",5 000 - 10 000,Prévu,Non,N/A,,56.193607428181664,-110.950615259331,,point,2026-03-27 08:15:27.406666
2788,fr,938,Cedar LNG  (partnership between Pembina Pipeline Corporation and Haisla Nation),Cedar LNG,Colombie-Britanique,Kitimat,"4 600,00",2 500 - 5 000,Prévu,Non,N/A,,53.9254160368947,-128.72793278374058,,point,2026-03-27 08:15:27.406666
2789,fr,942,Watson Island LNG Corporation,Watson Island LNG,Colombie-Britanique,Prince Rupert,"270,00",250 - 500,Prévu,Non,N/A,,54.24115582634536,-130.2971731090514,,point,2026-03-27 08:15:27.406666
2790,fr,943,"Tilbury Jetty Marine Partnership (Fortis, Seaspan, Shell)",Tilbury Marine Jetty,Colombie-Britanique,Delta,"175,00",100 - 250,Prévu,Non,N/A,,49.141803214496605,-123.02352039431199,,point,2026-03-27 08:15:27.406666
2791,fr,965,BC Hydro,G.M. Shrum Units 1 to 10 Control Systems Upgrade Project,Colombie-Britanique,Hudson Hope,"75,00",50 - 100,En construction,Non,N/A,,56.01667596272236,-122.2027623146087,,point,2026-03-27 08:15:27.406666
2792,fr,1037,"Western LNG, Nisga'a Nation, Rockies LNG Partners",Ksi Lisims LNG,Colombie-Britanique,Nasoga Gulf,"10 000,00",10 000 +,Prévu,Non,N/A,,54.9015738613368,-130.0726223522332,,point,2026-03-27 08:15:27.406666
2793,fr,1057,Pacific Future Energy,Pacific Future Energy Oil Refinery,Colombie-Britanique,Kitimat,"10 000,00",10 000 +,Prévu,Non,N/A,,53.95290133774895,-128.72261179293892,,point,2026-03-27 08:15:27.406666
2794,fr,1077,Cenovus Energy Inc.,Christina Lake,Alberta,Cenovus Christina Lake,"900,00",750 - 1 000,Prévu,Non,N/A,,55.57643039920016,-110.89742500969423,,point,2026-03-27 08:15:27.406666
2795,fr,1079,Japan Canada Oil Sands Limited (JACOS),Hangingstone,Alberta,Fort McMurray,"1 200,00",1 000 - 2 500,Prévu,Non,N/A,,56.288067353317636,-111.60424846001553,,point,2026-03-27 08:15:27.406666
2796,fr,1082,Cenovus Energy Inc.,Narrows Lake,Alberta,Meanook,"1 600,00",1 000 - 2 500,Prévu,Non,N/A,,54.61611003860595,-113.4264742565062,,point,2026-03-27 08:15:27.406666
2797,fr,1083,Value Creation Inc.,Heartland Upgrader,Alberta,Strathcona County,"2 000,00",1 000 - 2 500,Prévu,Non,N/A,,53.54873598659379,-113.35643586959304,,point,2026-03-27 08:15:27.406666
2798,fr,1090,Value Creation Inc.,Heartland Upgrader,Alberta,Strathcona County,"2 000,00",1 000 - 2 500,Prévu,Non,N/A,,53.77218080346211,-113.11677517041406,,point,2026-03-27 08:15:27.406666
2799,fr,1094,Imperial Oil Limited,Syncrude Mildred Lake Extension,Alberta,Regional Municipality of Wood Buffalo,"3 300,00",2 500 - 5 000,En construction,Non,N/A,,57.07271569259319,-111.58987053496057,,point,2026-03-27 08:15:27.406666
2800,fr,2060,Pacific Future Energy,Pacific Future Energy Refinery Project,Colombie-Britanique,Harrison Lake,"55,00",50 - 100,En construction,Non,N/A,,54.28390105591053,-128.61758690801616,,point,2026-03-27 08:15:27.406666
2801,fr,4106,BC Hydro,Downtown Vancouver Electricity Supply - West End Strategic Property Purchase,Colombie-Britanique,Vancouver,"81,00",50 - 100,En construction,Non,N/A,,49.274225608574376,-123.12562044560613,,point,2026-03-27 08:15:27.406666
2802,fr,4108,BCHydro,LNG Canada Load Interconnection Project,Colombie-Britanique,Kitimat,"82,00",50 - 100,En construction,Non,N/A,,54.06154105091425,-128.63390482274906,,point,2026-03-27 08:15:27.406666
2803,fr,4116,Alcan Aluminum Ltd. and the Province of BC,Kenney Dam Cold Water Release Facility,Colombie-Britanique,Vanderhoof,"275,00",250 - 500,Prévu,Non,N/A,,53.566672534048,-124.95001709775694,,point,2026-03-27 08:15:27.406666
2804,fr,4119,AltaGas / Vopak Development Canada Inc.,Ridley Island Energy Export Facility (REEF),Colombie-Britanique,Prince Rupert,"750,00",750 - 1 000,Prévu,Non,N/A,,54.31419282379263,-130.32220114276933,,point,2026-03-27 08:15:27.406666
2805,fr,4125,Nisga’a Nation,Nisga’a LNG,Colombie-Britanique,Nasoga Gulf,"10 000,00",10 000 +,Prévu,Non,N/A,,54.9015738613368,-130.0726223522332,,point,2026-03-27 08:15:27.406666
2806,fr,4126,Devon Energy Corporation/ BP JV,Pike,Alberta,Regional Municipality of Wood Buffalo,"1 900,00",1 000 - 2 500,Prévu,Non,N/A,,55.59941238878263,-110.99578104140443,,point,2026-03-27 08:15:27.406666
2807,fr,4148,Ontario Power Generation,Ranney Falls Expansion,Ontario,Campbellford,"77,00",50 - 100,En construction,Non,N/A,,44.291789769462085,-77.8011840315436,,point,2026-03-27 08:15:27.406666
2808,fr,4178,Suncor Energy Inc.,Suncor Power Cogeneration Units,Alberta,Regional Municipality of Wood Buffalo,"1 400,00",1 000 - 2 500,En construction,Non,N/A,,56.99719148314166,-111.48051880086578,,point,2026-03-27 08:15:27.406666
2809,fr,4217,Cenovus Energy Inc.,Spruce Lake East Lloyd,Saskatchewan,Spruce Lake,"350,00",250 - 500,En construction,Non,N/A,,53.54445448051496,-109.0896328587503,,point,2026-03-27 08:15:27.406666
2810,fr,5002,Inuvialuit Petroleum Corporation,Inuvialuit Energy Security Project,Territoires du Nord-Ouest,17km south of Tuktoyaktuk,"160,00",100 - 250,Prévu,Non,N/A,,69.2973931446749,-133.07630815535455,,point,2026-03-27 08:15:27.406666
2811,fr,5052,Fortis,Tilbury LNG Phase 2,Colombie-Britanique,Delta,"3 500,00",2 500 - 5 000,Prévu,Non,N/A,,49.141803214496605,-123.02352039431199,,point,2026-03-27 08:15:27.406666
2812,fr,5060,Fortis,Tilbury LNG Phase 1B,Colombie-Britanique,Delta,"60,00",50 - 100,Prévu,Non,N/A,,49.141803214496605,-123.02352039431199,,point,2026-03-27 08:15:27.406666
2813,fr,6022,NTPC,Fort Providence and Kakisa Transmission Line,Territoires du Nord-Ouest,Highway 2/5 juction to Fort Providence,"60,00",50 - 100,Prévu,Non,N/A,,60.97746477996914,-117.22141212864338,,point,2026-03-27 08:15:27.406666
2814,fr,6026,TransAlta Corporation,Ghost River WaterCharger Battery Energy Storage,Alberta,Rocky View County,"120,00",100 - 250,Prévu,Non,N/A,,51.21778868494428,-114.70461843700394,,point,2026-03-27 08:15:27.406666
2815,fr,6029,LNG Newfoundland and Labrador,Grassy Point LNG,Terre-Neuve-et-Labrador,Grassy Point,"10 000,00",10 000 +,Prévu,Non,N/A,,47.752800932336214,-54.02714193437833,,point,2026-03-27 08:15:27.406666
2816,fr,6031,Diageo Canada Inc.,Implantation de mesures de réduction des émissions de GES et de conversion énergétique,Québec,Salaberry-de-Valleyfield,"94,00",50 - 100,Prévu,Non,N/A,,45.256783648130806,-74.12034437396946,,point,2026-03-27 08:15:27.406666
2817,fr,6036,Imperial Oil,Kearl Oil Sand In-Pit Tailings Project,Alberta,Wood Buffalo,"750,00",750 - 1 000,En construction,Non,N/A,,57.41143546491772,-111.16349881604737,,point,2026-03-27 08:15:27.406666
2818,fr,6046,"LNG Canada (Shell Canada Limited, PETRONAS, Korea Gas Corporation (KOGAS), Mitsubishi Corporation, and PetroChina Company Limited)",LNG Canada Phase 2,Colombie-Britanique,Kitimat,"25 000,00",10 000 +,Prévu,Non,N/A,,54.08195605054043,-128.63807583162247,,point,2026-03-27 08:15:27.406666
2819,fr,6092,Suncor Energy Inc.,Suncor PURE Demonstration Facility,Alberta,Wood Buffalo,"52,50",50 - 100,Prévu,Non,N/A,,57.38056842064643,-111.50978688886617,,point,2026-03-27 08:15:27.406666
2820,fr,7026,ENMAX Energy Corp.,Enmax Substation No. 1,Alberta,Calgary,"200,00",100 - 250,En construction,Non,N/A,,51.04532474470257,-114.08001425483637,,point,2026-03-27 08:15:27.406666
2821,fr,7067,Enbridge Gas,Panhandle Regional Expansion,Ontario,"Municipalities of Chatham-Kent, Lakeshore, Leamington","358,00",250 - 500,Prévu,Non,N/A,,42.37063921550448,-82.38873021443506,,point,2026-03-27 08:15:27.406666
2822,fr,8004,Federation Group,Marguerite Lake Compressed Air Energy Storage,Alberta,Bonnyville No. 87,"500,00",500 - 750,Prévu,Non,N/A,,54.58571435205573,-110.80400462793247,,point,2026-03-27 08:15:27.410000
2823,fr,8013,Kineticor Resource Corp.,Greenlight Electricity Centre,Alberta,Sturgeon County,"4 500,00",2 500 - 5 000,Prévu,Non,N/A,,53.828815024705335,-113.17863492462718,,point,2026-03-27 08:15:27.410000
2824,fr,8017,Gibson Energy & Varme Energy JV,Heartland Waste to Power Project,Alberta,Strathcona County,"300,00",250 - 500,Prévu,Non,N/A,,53.775940037341286,-113.04027587325821,,point,2026-03-27 08:15:27.410000
2825,fr,8038,Cielo,Carseland Biomass Gasifier Project,Alberta,Wheatland County,"100,00",100 - 250,Prévu,Non,N/A,,50.88845380982432,-113.39973406570839,,point,2026-03-27 08:15:27.410000
2826,fr,8041,Cenovus Energy Inc.,Narrows Lake Tie-Back to Christina Lake,Alberta,Wood Buffalo,"300,00",250 - 500,En construction,Non,N/A,,55.59027140623013,-110.85275200395415,,point,2026-03-27 08:15:27.410000
2827,fr,8042,Canadian Natural Resources Ltd. (CNRL),Naphtha Recovery Unit Tailings Treatment Project,Alberta,Wood Buffalo,"350,00",250 - 500,Prévu,Non,N/A,,57.34739237729774,-111.84100795950293,,point,2026-03-27 08:15:27.410000
2828,fr,1023,Nukik Corp.,Kivalliq Hydro Fibre Link,Multiple,Gillam to Baker Lake,"1 600,00",1 000 - 2 500,Prévu,Oui,Hydro,Ligne de transmission,,,"[[{""lon"": -96.08108123795023, ""lat"": 64.32352700092815}, {""lon"": -92.09020595410392, ""lat"": 62.852285803744955}, {""lon"": -93.85470654436244, ""lat"": 56.67014512837238}]]",line,2026-03-27 08:15:27.410000
2829,fr,3641,Manitoba Hydro,Laverendrye-St.Vital 230kV Line & Breakers,Manitoba,Winnipeg,"58,70",50 - 100,En construction,Oui,Hydro,Ligne de transmission,,,"[[{""lon"": -97.36407173881346, ""lat"": 49.790575301930836}, {""lon"": -97.02171364896496, ""lat"": 49.836632336520424}, {""lon"": -97.30445959062916, ""lat"": 49.13351723019125}]]",line,2026-03-27 08:15:27.410000
2830,fr,4001,Hydro One,Hawthorne to Merivale transmission upgrades (Planned),Ontario,Ottawa,"21,30",10 - 50 ,En construction,Oui,Hydro,Ligne de transmission,,,"[[{""lon"": -75.60825830662024, ""lat"": 45.392181053744274}, {""lon"": -75.71923133636517, ""lat"": 45.325215037106126}]]",line,2026-03-27 08:15:27.410000
2831,fr,5064,Manitoba Hydro,Southwest Wpg 115kV Tsfrmr Improv-Phase2,Manitoba,Headingley,"62,00",50 - 100,En construction,Oui,Hydro,Ligne de transmission,,,"[[{""lon"": -97.01891667623597, ""lat"": 49.96927735136907}, {""lon"": -97.35313773911209, ""lat"": 49.80390130356868}]]",line,2026-03-27 08:15:27.410000
2832,fr,6063,Northriver Midstream NEBC Connector GP Inc.,NEBC Connector Project,Multiple,"NW of Wonovon, BC & Gordondale, AB","350,00",250 - 500,Prévu,Oui,Autre,Pipeline,,,"[[{""lon"": -122.0580179950256, ""lat"": 56.92280600646155}, {""lon"": -119.6917170664486, ""lat"": 55.839706295661244}]]",line,2026-03-27 08:15:27.410000
2833,fr,126,Connacher Oil & Gas Ltd.,Great Divide,Alberta,Regional Municipality of Wood Buffalo (RMWB),"600,00",500 - 750,Prévu,Non,N/A,Pipeline,,,"[[{""lon"": -111.82931544365083, ""lat"": 56.11350731592327}, {""lon"": -111.51219189344253, ""lat"": 56.146339143882436}]]",line,2026-03-27 08:15:27.410000
2834,fr,547,Hydro-Québec,Raccordement du complexe de La Romaine au réseau de transport,Québec,Camp satellite line 34 5KV,"1 300,00",1 000 - 2 500,En construction,Non,N/A,Ligne de transmission,,,"[[{""lon"": -63.127846286720974, ""lat"": 50.48894626974321}, {""lon"": -66.57519553477161, ""lat"": 50.22393715100787}]]",line,2026-03-27 08:15:27.410000
2835,fr,593,Enbridge,Westcoast Connector Gas Transmission Project,Colombie-Britanique,Fort St John to Prince Rupert,"6 000,00",5 000 - 10 000,Prévu,Non,N/A,Pipeline,,,"[[{""lon"": -122.62941305872116, ""lat"": 56.8369599253289}, {""lon"": -130.2868831416294, ""lat"": 54.322935828868324}]]",line,2026-03-27 08:15:27.410000
2836,fr,650,TransCanada,Prince Rupert Gas Transmission Project,Colombie-Britanique,North Montney to Port Edward (near Prince Rupert),"5 000,00",5 000 - 10 000,Prévu,Non,N/A,Pipeline,,,"[[{""lon"": -130.29346010802482, ""lat"": 54.23554282730339}, {""lon"": -122.01143165468748, ""lat"": 56.186844993859964}]]",line,2026-03-27 08:15:27.410000
2837,fr,651,FortisBC Energy (Vancouver Island) Inc.,Eagle Mountain - Woodfibre LNG Gas Pipeline Projects,Colombie-Britanique,Coquitlam to Squamish,"350,00",250 - 500,En construction,Non,N/A,Pipeline,,,"[[{""lon"": -122.79309839543868, ""lat"": 49.28492264787294}, {""lon"": -123.16078757162828, ""lat"": 49.714269623244}]]",line,2026-03-27 08:15:27.410000
2838,fr,885,Pacific Northern Gas Ltd.,Pacific Northern Gas Pipeline Looping Project,Colombie-Britanique,Kitimat To Summit Lake,"1 300,00",1 000 - 2 500,Prévu,Non,N/A,Pipeline,,,"[[{""lon"": -128.68556181861072, ""lat"": 54.03302404275836}, {""lon"": -122.63654198142927, ""lat"": 54.270993856528875}]]",line,2026-03-27 08:15:27.410000
2839,fr,956,Altalink,Chapel Rock to Pincher Creek Area Transmission Development,Alberta,M.D. of Pincher Creek No. 9,"500,00",500 - 750,Prévu,Non,N/A,Ligne de transmission,,,"[[{""lon"": -114.3006649470084, ""lat"": 49.739204629756166}, {""lon"": -113.94712782972196, ""lat"": 49.5698936572677}]]",line,2026-03-27 08:15:27.410000
2840,fr,996,"AltaLink, ATCO",Central East Area Transmission Development,Alberta,Multiple locations,"332,00",250 - 500,En construction,Non,N/A,Ligne de transmission,,,"[[{""lon"": -110.8995250775973, ""lat"": 52.84847622790844}, {""lon"": -110.26338681525446, ""lat"": 52.48095427247306}]]",line,2026-03-27 08:15:27.410000
2841,fr,3206,Hydro-Québec,New England Clean Energy Connect (NECEC) project,Québec,Across the Quebec border through Beattie township Maine to Lewiston Maine,"950,00",750 - 1 000,En construction,Non,N/A,Ligne de transmission,,,"[[{""lon"": -70.98428277917243, ""lat"": 45.72302928630145}, {""lon"": -69.96081940375113, ""lat"": 45.333579251748986}, {""lon"": -70.21551841404592, ""lat"": 44.10385202430323}]]",line,2026-03-27 08:15:27.410000
2842,fr,3208,"Transmission Developers Inc. (TDI),",Transmission Line - Champlain Hudson Power Express,Québec,Runs south from Canada-US border to the New York metro area,"2 200,00",1 000 - 2 500,En construction,Non,N/A,Ligne de transmission,,,"[[{""lon"": -73.34309052831851, ""lat"": 45.09613609269886}, {""lon"": -73.92068542400284, ""lat"": 40.76311926957715}]]",line,2026-03-27 08:15:27.410000
2843,fr,3509,Wataynikaneyap Power,Wataynikaneyap Transmission Project,Ontario,Northwest Ontario,"1 900,00",1 000 - 2 500,En construction,Non,N/A,Ligne de transmission,,,"[[{""lon"": -92.49780627937037, ""lat"": 49.68148268733783}, {""lon"": -91.58400428261058, ""lat"": 51.1649399400299}, {""lon"": -90.19403390058937, ""lat"": 51.46765908434607}]]",line,2026-03-27 08:15:27.410000
2844,fr,4000,Hydro One,Northwest Bulk Transmission Line Waasigan Transmission Line,Ontario,Thunder Bay to Dryden,"1 200,00",1 000 - 2 500,Prévu,Non,N/A,Ligne de transmission,,,"[[{""lon"": -89.24195708819956, ""lat"": 48.58398878515795}, {""lon"": -91.61500784379284, ""lat"": 48.74362863409662}, {""lon"": -92.84547841733615, ""lat"": 49.854038682594}]]",line,2026-03-27 08:15:27.410000
2845,fr,4073,PEI Energy Corporation,Western PEI Transmission Upgrade,Île-du-Prince-Édouard,"Western Prince County, PEI","44,00",10 - 50 ,Prévu,Non,N/A,Ligne de transmission,,,"[[{""lon"": -63.77626077337365, ""lat"": 46.43472346996201}, {""lon"": -64.11740865242652, ""lat"": 46.96495485839825}]]",line,2026-03-27 08:15:27.410000
2846,fr,4215,Hydro One,Lakeshore Transmission Stations Project Leamington Area Transmission Reinforcement (Lakeshore Transmission Station & Chatham to Lakeshore Line),Ontario,Lakeshore Windsor-Essex,"257,00",250 - 500,En construction,Non,N/A,Ligne de transmission,,,"[[{""lon"": -82.60390209543951, ""lat"": 42.203014974089825}, {""lon"": -82.19044027432692, ""lat"": 42.40446445052515}]]",line,2026-03-27 08:15:27.410000
2847,fr,4231,Enbridge Frontier Inc.,Frontier NGL Plant and Pipeline Project,Colombie-Britanique,Chetwynd,"2 500,00",2 500 - 5 000,Prévu,Non,N/A,Pipeline,,,"[[{""lon"": -121.66892388778616, ""lat"": 55.71251502712359}, {""lon"": -120.72301079854081, ""lat"": 56.15324116754652}]]",line,2026-03-27 08:15:27.410000
2848,fr,6043,Hydro One,Chatham to Lakeshore Transmission Line,Ontario,"Lakeshore, Chatham-Kent Southwestern Ontario","253,00",250 - 500,En construction,Non,N/A,Ligne de transmission,,,"[[{""lon"": -82.19294415626445, ""lat"": 42.413388231634954}, {""lon"": -82.70597430586251, ""lat"": 42.31002818826645}]]",line,2026-03-27 08:15:27.410000
2849,fr,6089,Hydro One,St.Clair Transmission Line,Ontario,"St.Clair, Chatham Kent","250,00",250 - 500,Prévu,Non,N/A,Ligne de transmission,,,"[[{""lon"": -82.0953441230177, ""lat"": 42.385228232002554}, {""lon"": -82.70597430586251, ""lat"": 42.31002818826645}]]",line,2026-03-27 08:15:27.410000
2850,fr,8130,Hydro One,Longwood to Lakeshore Phase 1,Ontario,Municipality of Strathroy-Caradoc to Municipality of Lakeshore,"800,00",750 - 1 000,Prévu,Non,N/A,Ligne de transmission,,,"[[{""lon"": -81.62679402842653, ""lat"": 42.95939835627326}, {""lon"": -82.70597430586251, ""lat"": 42.31002818826645}]]",line,2026-03-27 08:15:27.410000
2851,fr,8131,Hydro One,Longwood to Lakeshore Phase 2,Ontario,Municipality of Strathroy-Caradoc to Municipality of Lakeshore,"800,00",750 - 1 000,Prévu,Non,N/A,Ligne de transmission,,,"[[{""lon"": -81.62679402842653, ""lat"": 42.95939835627326}, {""lon"": -82.70597430586251, ""lat"": 42.31002818826645}]]",line,2026-03-27 08:15:27.410000
2852,fr,8132,Hydro One,Mississagi to Third Line Transmission Line,Ontario,"Wharncliffe, Sault Ste. Marie","230,00",100 - 250,Prévu,Non,N/A,Ligne de transmission,,,"[[{""lon"": -83.38830494393625, ""lat"": 46.420008838524176}, {""lon"": -84.32880525809954, ""lat"": 46.54500880450048}]]",line,2026-03-27 08:15:27.410000
2853,fr,8133,Hydro One,Northeast Power Line (Mississagi to Hanmer Transmissio Line),Ontario,"Wharncliffe, Sudbury","650,00",500 - 750,Prévu,Non,N/A,Ligne de transmission,,,"[[{""lon"": -83.38830494393625, ""lat"": 46.420008838524176}, {""lon"": -80.92080417506084, ""lat"": 46.63170900785126}]]",line,2026-03-27 08:15:27.410000
2854,fr,8134,Hydro One,Greater Toronto Area East Line,Ontario,"Pickering/Oshawa, Peterborough","298,00",250 - 500,Prévu,Non,N/A,Ligne de transmission,,,"[[{""lon"": -79.11390331526452, ""lat"": 43.85240863311178}, {""lon"": -78.84660323977157, ""lat"": 43.98230866757875}, {""lon"": -78.9320032982593, ""lat"": 44.311308720706165}]]",line,2026-03-27 08:15:27.410000
2855,fr,8135,TBD,Wawa to Porcupine,Ontario,"Timmins, Greater Sudbury","650,00",500 - 750,Prévu,Non,N/A,Ligne de transmission,,,"[[{""lon"": -84.5469445005294, ""lat"": 47.88515089361095}, {""lon"": -94.90912907573089, ""lat"": 48.46564544491719}]]",line,2026-03-27 08:15:27.410000
2856,fr,8136,Hydro One,St. Thomas Line (including Centennial Transformer Station & Line),Ontario,City of London to St. Thomas,"381,00",250 - 500,Prévu,Non,N/A,Ligne de transmission,,,"[[{""lon"": -81.1605128809628, ""lat"": 42.93962837493266}, {""lon"": -81.15351986738781, ""lat"": 42.793748349566286}]]",line,2026-03-27 08:15:27.410000
2857,fr,8137,PUC Transmisison,PUC Tx Project,Ontario,Sault Ste. Marie,"188,00",100 - 250,Prévu,Non,N/A,Ligne de transmission,,,"[[{""lon"": -84.39065727586261, ""lat"": 46.5273917973633}, {""lon"": -84.32880525809954, ""lat"": 46.54500880450048}]]",line,2026-03-27 08:15:27.410000
