lang,id,company,project_name,province,location,capital_cost,capital_cost_range,status,clean_technology,clean_technology_type,line_type,lat,lon,paths,type,source_org,source_url
en,0996,"AltaLink, ATCO",Central East Area Transmission Development,Alberta,Multiple locations,513.00,500 - 750,Under Construction,No,N/A,Transmission,,,"[[{""lon"": -110.8995250775973, ""lat"": 52.84847622790844}, {""lon"": -110.26338681525446, ""lat"": 52.48095427247306}]]",line,Natural Resources Canada,https://natural-resources.canada.ca/science-data/data-analysis/natural-resources-major-projects-planned-under-construction-2024-2034
en,0126,Connacher Oil & Gas Ltd.,Great Divide,Alberta,Regional Municipality of Wood Buffalo (RMWB),600.00,500 - 750,Planned,No,N/A,Pipeline,,,"[[{""lon"": -111.82931544365083, ""lat"": 56.11350731592327}, {""lon"": -111.51219189344253, ""lat"": 56.146339143882436}]]",line,Natural Resources Canada,https://natural-resources.canada.ca/science-data/data-analysis/natural-resources-major-projects-planned-under-construction-2024-2034
en,0651,FortisBC Energy (Vancouver Island) Inc.,Eagle Mountain - Woodfibre LNG Gas Pipeline Projects,British Columbia,Coquitlam to Squamish,350.00,250 - 500,Under Construction,No,N/A,Pipeline,,,"[[{""lon"": -122.79309839543868, ""lat"": 49.28492264787294}, {""lon"": -123.16078757162828, ""lat"": 49.714269623244}]]",line,Natural Resources Canada,https://natural-resources.canada.ca/science-data/data-analysis/natural-resources-major-projects-planned-under-construction-2024-2034
en,4231,Enbridge Frontier Inc.,Frontier NGL Plant and Pipeline Project,British Columbia,Chetwynd,"2,500.00","2,500 - 5,000",Planned,No,N/A,Pipeline,,,"[[{""lon"": -121.66892388778616, ""lat"": 55.71251502712359}, {""lon"": -120.72301079854081, ""lat"": 56.15324116754652}]]",line,Natural Resources Canada,https://natural-resources.canada.ca/science-data/data-analysis/natural-resources-major-projects-planned-under-construction-2024-2034
en,0885,Pacific Northern Gas Ltd.,Pacific Northern Gas Pipeline Looping Project,British Columbia,Kitimat To Summit Lake,"1,300.00","1,000 - 2,500",Planned,No,N/A,Pipeline,,,"[[{""lon"": -128.68556181861072, ""lat"": 54.03302404275836}, {""lon"": -122.63654198142927, ""lat"": 54.270993856528875}]]",line,Natural Resources Canada,https://natural-resources.canada.ca/science-data/data-analysis/natural-resources-major-projects-planned-under-construction-2024-2034
en,0650,TransCanada,Prince Rupert Gas Transmission Project,British Columbia,North Montney to Port Edward (near Prince Rupert),"5,000.00","5,000 - 10,000",Planned,No,N/A,Pipeline,,,"[[{""lon"": -130.29346010802482, ""lat"": 54.23554282730339}, {""lon"": -122.01143165468748, ""lat"": 56.186844993859964}]]",line,Natural Resources Canada,https://natural-resources.canada.ca/science-data/data-analysis/natural-resources-major-projects-planned-under-construction-2024-2034
en,1023,Nukik Corp.,Kivalliq Hydro Fibre Link,Multiple,Gillam to Baker Lake,"3,200.00","2,500 - 5,000",Planned,Yes,Hydro,Transmission,,,"[[{""lon"": -96.08108123795023, ""lat"": 64.32352700092815}, {""lon"": -92.09020595410392, ""lat"": 62.852285803744955}, {""lon"": -93.85470654436244, ""lat"": 56.67014512837238}]]",line,Natural Resources Canada,https://natural-resources.canada.ca/science-data/data-analysis/natural-resources-major-projects-planned-under-construction-2024-2034
en,6063,Northriver Midstream NEBC Connector GP Inc.,NEBC Connector Project,Multiple,"NW of Wonovon, BC & Gordondale, AB",450.00,250 - 500,Planned,No,N/A,Pipeline,,,"[[{""lon"": -122.0580179950256, ""lat"": 56.92280600646155}, {""lon"": -119.6917170664486, ""lat"": 55.839706295661244}]]",line,Natural Resources Canada,https://natural-resources.canada.ca/science-data/data-analysis/natural-resources-major-projects-planned-under-construction-2024-2034
en,6104,NTPC,Whati Transmission Line,Northwest Territories,Whati to Snare Hydro Complex,41.50,10 - 50 ,Planned,Yes,Hydro,Transmission,,,"[[{""lon"": -116.73558351352949, ""lat"": 63.25242788954209}, {""lon"": -116.61002049354275, ""lat"": 63.27000690983897}]]",line,Natural Resources Canada,https://natural-resources.canada.ca/science-data/data-analysis/natural-resources-major-projects-planned-under-construction-2024-2034
en,8134,Hydro One,Greater Toronto Area East Line Durham Kawartha Power Line,Ontario,"Pickering/Oshawa, Peterborough",298.00,250 - 500,Planned,No,N/A,Transmission,,,"[[{""lon"": -79.11390331526452, ""lat"": 43.85240863311178}, {""lon"": -78.84660323977157, ""lat"": 43.98230866757875}, {""lon"": -78.9320032982593, ""lat"": 44.311308720706165}]]",line,Natural Resources Canada,https://natural-resources.canada.ca/science-data/data-analysis/natural-resources-major-projects-planned-under-construction-2024-2034
en,8130,Hydro One,Longwood to Lakeshore Phase 1,Ontario,Municipality of Strathroy-Caradoc to Municipality of Lakeshore,800.00,"750 - 1,000",Planned,No,N/A,Transmission,,,"[[{""lon"": -81.62679402842653, ""lat"": 42.95939835627326}, {""lon"": -82.70597430586251, ""lat"": 42.31002818826645}]]",line,Natural Resources Canada,https://natural-resources.canada.ca/science-data/data-analysis/natural-resources-major-projects-planned-under-construction-2024-2034
en,8131,Hydro One,Longwood to Lakeshore Phase 2,Ontario,Municipality of Strathroy-Caradoc to Municipality of Lakeshore,800.00,"750 - 1,000",Planned,No,N/A,Transmission,,,"[[{""lon"": -81.62679402842653, ""lat"": 42.95939835627326}, {""lon"": -82.70597430586251, ""lat"": 42.31002818826645}]]",line,Natural Resources Canada,https://natural-resources.canada.ca/science-data/data-analysis/natural-resources-major-projects-planned-under-construction-2024-2034
en,8132,Hydro One,Mississagi to Third Line Transmission Line North Shore Link Project,Ontario,"Wharncliffe, Sault Ste. Marie",250.00,250 - 500,Planned,No,N/A,Transmission,,,"[[{""lon"": -83.38830494393625, ""lat"": 46.420008838524176}, {""lon"": -84.32880525809954, ""lat"": 46.54500880450048}]]",line,Natural Resources Canada,https://natural-resources.canada.ca/science-data/data-analysis/natural-resources-major-projects-planned-under-construction-2024-2034
en,8133,Hydro One,Northeast Power Line (Mississagi to Hanmer Transmissio Line),Ontario,"Wharncliffe, Sudbury",530.00,500 - 750,Planned,No,N/A,Transmission,,,"[[{""lon"": -83.38830494393625, ""lat"": 46.420008838524176}, {""lon"": -80.92080417506084, ""lat"": 46.63170900785126}]]",line,Natural Resources Canada,https://natural-resources.canada.ca/science-data/data-analysis/natural-resources-major-projects-planned-under-construction-2024-2034
en,4000,Hydro One,Northwest Bulk Transmission Line Waasigan Transmission Line,Ontario,Thunder Bay to Dryden,"1,200.00","1,000 - 2,500",Under Construction,No,N/A,Transmission,,,"[[{""lon"": -89.24195708819956, ""lat"": 48.58398878515795}, {""lon"": -91.61500784379284, ""lat"": 48.74362863409662}, {""lon"": -92.84547841733615, ""lat"": 49.854038682594}]]",line,Natural Resources Canada,https://natural-resources.canada.ca/science-data/data-analysis/natural-resources-major-projects-planned-under-construction-2024-2034
en,8137,PUC Transmisison,PUC Transmissionx Project,Ontario,Sault Ste. Marie,189.00,100 - 250,Planned,No,N/A,Transmission,,,"[[{""lon"": -84.39065727586261, ""lat"": 46.5273917973633}, {""lon"": -84.32880525809954, ""lat"": 46.54500880450048}]]",line,Natural Resources Canada,https://natural-resources.canada.ca/science-data/data-analysis/natural-resources-major-projects-planned-under-construction-2024-2034
en,8136,Hydro One,St. Thomas Line (including Centennial Transformer Station & Line),Ontario,City of London to St. Thomas,400.00,250 - 500,Planned,No,N/A,Transmission,,,"[[{""lon"": -81.1605128809628, ""lat"": 42.93962837493266}, {""lon"": -81.15351986738781, ""lat"": 42.793748349566286}]]",line,Natural Resources Canada,https://natural-resources.canada.ca/science-data/data-analysis/natural-resources-major-projects-planned-under-construction-2024-2034
en,6089,Hydro One,St.Clair Transmission Line,Ontario,"St.Clair, Chatham Kent",471.90,250 - 500,Planned,No,N/A,Transmission,,,"[[{""lon"": -82.0953441230177, ""lat"": 42.385228232002554}, {""lon"": -82.70597430586251, ""lat"": 42.31002818826645}]]",line,Natural Resources Canada,https://natural-resources.canada.ca/science-data/data-analysis/natural-resources-major-projects-planned-under-construction-2024-2034
en,8135,TBD  Hydro One,Wawa to Porcupine,Ontario,"Timmins, Greater Sudbury",600.00,500 - 750,Planned,No,N/A,Transmission,,,"[[{""lon"": -84.5469445005294, ""lat"": 47.88515089361095}, {""lon"": -94.90912907573089, ""lat"": 48.46564544491719}]]",line,Natural Resources Canada,https://natural-resources.canada.ca/science-data/data-analysis/natural-resources-major-projects-planned-under-construction-2024-2034
en,4073,PEI Energy Corporation,Western PEI Transmission Upgrade,Prince Edward Island,"Western Prince County, PEI",44.00,10 - 50 ,Planned,No,N/A,Transmission,,,"[[{""lon"": -63.77626077337365, ""lat"": 46.43472346996201}, {""lon"": -64.11740865242652, ""lat"": 46.96495485839825}]]",line,Natural Resources Canada,https://natural-resources.canada.ca/science-data/data-analysis/natural-resources-major-projects-planned-under-construction-2024-2034
en,3206,Hydro-Québec,New England Clean Energy Connect (NECEC) project,Quebec,Across the Quebec border through Beattie township Maine to Lewiston Maine,950.00,"750 - 1,000",Under Construction,No,N/A,Transmission,,,"[[{""lon"": -70.98428277917243, ""lat"": 45.72302928630145}, {""lon"": -69.96081940375113, ""lat"": 45.333579251748986}, {""lon"": -70.21551841404592, ""lat"": 44.10385202430323}]]",line,Natural Resources Canada,https://natural-resources.canada.ca/science-data/data-analysis/natural-resources-major-projects-planned-under-construction-2024-2034
en,0547,Hydro-Québec,Raccordement du complexe de La Romaine au réseau de transport,Quebec,Camp satellite line 34 5KV,"1,300.00","1,000 - 2,500",Under Construction,No,N/A,Transmission,,,"[[{""lon"": -63.127846286720974, ""lat"": 50.48894626974321}, {""lon"": -66.57519553477161, ""lat"": 50.22393715100787}]]",line,Natural Resources Canada,https://natural-resources.canada.ca/science-data/data-analysis/natural-resources-major-projects-planned-under-construction-2024-2034
en,3208,"Transmission Developers Inc. (TDI),",Transmission Line - Champlain Hudson Power Express,Quebec,Runs south from Canada-US border to the New York metro area,"2,200.00","1,000 - 2,500",Under Construction,No,N/A,Transmission,,,"[[{""lon"": -73.34309052831851, ""lat"": 45.09613609269886}, {""lon"": -73.92068542400284, ""lat"": 40.76311926957715}]]",line,Natural Resources Canada,https://natural-resources.canada.ca/science-data/data-analysis/natural-resources-major-projects-planned-under-construction-2024-2034
en,8021,Horizon New Energy,Aira Solar Project,Alberta,Forty Mile County No. 8,700.00,500 - 750,Under Construction,Yes,Solar,,49.593546980098836,-110.93400418104007,,point,Natural Resources Canada,https://natural-resources.canada.ca/science-data/data-analysis/natural-resources-major-projects-planned-under-construction-2024-2034
en,4188,Alpin Sun,Airport City Solar,Alberta,Leduc County,169.00,100 - 250,Planned,Yes,Solar,,53.291085568662865,-113.5936694692827,,point,Natural Resources Canada,https://natural-resources.canada.ca/science-data/data-analysis/natural-resources-major-projects-planned-under-construction-2024-2034
en,8022,hep Energy,Alderson Solar Power Project,Alberta,Cypress County,150.00,100 - 250,Under Construction,Yes,Solar,,50.35223699524816,-111.36066847007169,,point,Natural Resources Canada,https://natural-resources.canada.ca/science-data/data-analysis/natural-resources-major-projects-planned-under-construction-2024-2034
en,0399,Canadian Natural Resources Limited,AOSP Jackpine,Alberta,Fort McMurray,"12,000.00","10,000 +",Planned,No,N/A,,57.224504531129696,-111.36769668637707,,point,Natural Resources Canada,https://natural-resources.canada.ca/science-data/data-analysis/natural-resources-major-projects-planned-under-construction-2024-2034
en,8008,Northstar Clean Technologies,Asphalt Shingle Reprocessing Facility,Alberta,Rocky View County,15.00,10 - 50 ,Under Construction,Yes,Other,,50.99367376151539,-113.90162320322803,,point,Natural Resources Canada,https://natural-resources.canada.ca/science-data/data-analysis/natural-resources-major-projects-planned-under-construction-2024-2034
en,8024,Skyline Clean Energy Fund,Bassano 435S DER Solar,Alberta,Newell County,15.00,10 - 50 ,Planned,Yes,Solar,,50.6740259163967,-112.31131976780539,,point,Natural Resources Canada,https://natural-resources.canada.ca/science-data/data-analysis/natural-resources-major-projects-planned-under-construction-2024-2034
en,0207,Harvest Operations Corp.,BlackGold Oil Sands Project,Alberta,Regional Municipality of Wood Buffalo (SE of Conklin),900.00,"750 - 1,000",Planned,No,N/A,,55.58264649024491,-110.9730248301697,,point,Natural Resources Canada,https://natural-resources.canada.ca/science-data/data-analysis/natural-resources-major-projects-planned-under-construction-2024-2034
en,0075,IPC Canada Ltd.,Blackrod,Alberta,Regional Municipality of Wood Buffalo (RMWB) & Lac La Biche County,"2,927.00","2,500 - 5,000",Under Construction,No,N/A,,55.611718192527775,-112.61193843788737,,point,Natural Resources Canada,https://natural-resources.canada.ca/science-data/data-analysis/natural-resources-major-projects-planned-under-construction-2024-2034
en,8025,ENGIE Development Canada LP,Buffalo Trail North Wind Project,Alberta,Cypress County,200.00,100 - 250,Planned,Yes,Wind,,49.84235606340341,-110.32929810639786,,point,Natural Resources Canada,https://natural-resources.canada.ca/science-data/data-analysis/natural-resources-major-projects-planned-under-construction-2024-2034
en,5047,Air Products,Canada Net-Zero Hydrogen Energy Complex,Alberta,Strathcona County,"4,570.00","2,500 - 5,000",Under Construction,Yes,Multiple,,53.58732799303856,-113.3159718726142,,point,Natural Resources Canada,https://natural-resources.canada.ca/science-data/data-analysis/natural-resources-major-projects-planned-under-construction-2024-2034
en,4224,WindRiver Power Corp. & TC Energy,Canyon Creek Hydro Power Project (storage),Alberta,Yellowhead County,200.00,100 - 250,Planned,Yes,Hydro,,53.53011154187485,-117.52454425439852,,point,Natural Resources Canada,https://natural-resources.canada.ca/science-data/data-analysis/natural-resources-major-projects-planned-under-construction-2024-2034
en,6016,Voltarix Group,Creekside Solar Project (Fortis Buford 538S DER Solar),Alberta,Leduc County,43.00,10 - 50 ,Planned,Yes,Solar,,53.24715291243408,-113.82518687368807,,point,Natural Resources Canada,https://natural-resources.canada.ca/science-data/data-analysis/natural-resources-major-projects-planned-under-construction-2024-2034
en,8007,MYTILINEOS Energy & Metals,Dolcy Solar Project,Alberta,Wainwright No. 61,275.00,250 - 500,Planned,Yes,Solar,,52.68557526410013,-110.47290292641775,,point,Natural Resources Canada,https://natural-resources.canada.ca/science-data/data-analysis/natural-resources-major-projects-planned-under-construction-2024-2034
en,7026,ENMAX Energy Corp.,Enmax Substation No. 1,Alberta,Calgary,207.00,100 - 250,Under Construction,No,N/A,,51.04532474470257,-114.08001425483637,,point,Natural Resources Canada,https://natural-resources.canada.ca/science-data/data-analysis/natural-resources-major-projects-planned-under-construction-2024-2034
en,8001,Renewable Energy Systems Canada Inc.,Enterprise Solar Project,Alberta,Vulcan County,175.00,100 - 250,Planned,Yes,Solar,,50.37388877900198,-113.35782491617891,,point,Natural Resources Canada,https://natural-resources.canada.ca/science-data/data-analysis/natural-resources-major-projects-planned-under-construction-2024-2034
en,8010,ATCO,Forty Mile Solar Farm,Alberta,Forty Mile County No. 8,400.00,250 - 500,Planned,Yes,Solar,,49.696514952160506,-111.27160428155803,,point,Natural Resources Canada,https://natural-resources.canada.ca/science-data/data-analysis/natural-resources-major-projects-planned-under-construction-2024-2034
en,7035,Green Impact Partners (In partnership with Carbon Clean Energy and PCL Construction),Future Energy Park Renewable Natural Gas and Ethanol Project,Alberta,Calgary,"1,500.00","1,000 - 2,500",Planned,Yes,Bioenergy,,51.010139761953205,-113.91401420907387,,point,Natural Resources Canada,https://natural-resources.canada.ca/science-data/data-analysis/natural-resources-major-projects-planned-under-construction-2024-2034
en,6026,TransAlta Corporation,Ghost River WaterCharger Battery Energy Storage,Alberta,Rocky View County,208.40,100 - 250,Planned,Yes,Energy Storage,,51.21778868494428,-114.70461843700394,,point,Natural Resources Canada,https://natural-resources.canada.ca/science-data/data-analysis/natural-resources-major-projects-planned-under-construction-2024-2034
en,6028,Entropy Inc.,Glacier Gas Plant CCS,Alberta,Saddle Hills County,127.00,100 - 250,Under Construction,Yes,Carbon Capture and Storage,,55.559547296971765,-119.60377693245539,,point,Natural Resources Canada,https://natural-resources.canada.ca/science-data/data-analysis/natural-resources-major-projects-planned-under-construction-2024-2034
en,8013,Kineticor Resource Corp.,Greenlight Electricity Centre,Alberta,Sturgeon County,"4,500.00","2,500 - 5,000",Planned,No,N/A,,53.828815024705335,-113.17863492462718,,point,Natural Resources Canada,https://natural-resources.canada.ca/science-data/data-analysis/natural-resources-major-projects-planned-under-construction-2024-2034
en,4198,Climate Transition Development Corporation,Greenview Geothermal Power Plant (Alberta No. 1),Alberta,Greenview No. 16,106.00,100 - 250,Planned,Yes,Geothermal,,54.84183341959331,-117.6498575653256,,point,Natural Resources Canada,https://natural-resources.canada.ca/science-data/data-analysis/natural-resources-major-projects-planned-under-construction-2024-2034
en,0089,Canadian Natural Resources Limited,Grouse,Alberta,Hudson Hope,"1,500.00","1,000 - 2,500",Planned,No,N/A,,55.466299088800085,-111.75578167788436,,point,Natural Resources Canada,https://natural-resources.canada.ca/science-data/data-analysis/natural-resources-major-projects-planned-under-construction-2024-2034
en,8017,Gibson Energy & Varme Energy JV,Heartland Waste to Power Project,Alberta,Strathcona County,300.00,250 - 500,Planned,Yes,Carbon Capture and Storage,,53.775940037341286,-113.04027587325821,,point,Natural Resources Canada,https://natural-resources.canada.ca/science-data/data-analysis/natural-resources-major-projects-planned-under-construction-2024-2034
en,7040,Heidelberg Materials,Heidelberg Materials Carbon Capture Utilization and Storage Hub,Alberta,Edmonton,"1,360.00","1,000 - 2,500",Planned,Yes,Carbon Capture and Storage,,53.57980695822925,-113.60601493535256,,point,Natural Resources Canada,https://natural-resources.canada.ca/science-data/data-analysis/natural-resources-major-projects-planned-under-construction-2024-2034
en,7042,Kiwetinohk Energy Corp,Homestead Solar Project,Alberta,Willow Creek No. 26,600.00,500 - 750,Planned,Yes,Solar,,49.98142074177492,-113.44601383107721,,point,Natural Resources Canada,https://natural-resources.canada.ca/science-data/data-analysis/natural-resources-major-projects-planned-under-construction-2024-2034
en,8037,Varme Energy,Innisfail Waste to Energy Project,Alberta,Innisfail,200.00,100 - 250,Planned,Yes,Bioenergy,,52.01528981949161,-113.97490751757867,,point,Natural Resources Canada,https://natural-resources.canada.ca/science-data/data-analysis/natural-resources-major-projects-planned-under-construction-2024-2034
en,0841,Canadian Natural Resources Limited,Jackfish,Alberta,Regional Municipality of Wood Buffalo (SE of Conklin),750.00,"750 - 1,000",Planned,No,N/A,,55.527907399695295,-110.87381498492836,,point,Natural Resources Canada,https://natural-resources.canada.ca/science-data/data-analysis/natural-resources-major-projects-planned-under-construction-2024-2034
en,7047,Northland Power,Jurassic Solar and Battery Storage,Alberta,Cypress County,500.00,500 - 750,Under Construction,Yes,Solar,,50.66321104513456,-111.11601349770832,,point,Natural Resources Canada,https://natural-resources.canada.ca/science-data/data-analysis/natural-resources-major-projects-planned-under-construction-2024-2034
en,6036,Imperial Oil,Kearl Oil Sand In-Pit Tailings Project,Alberta,Wood Buffalo,750.00,"750 - 1,000",Under Construction,No,N/A,,57.41143546491772,-111.16349881604737,,point,Natural Resources Canada,https://natural-resources.canada.ca/science-data/data-analysis/natural-resources-major-projects-planned-under-construction-2024-2034
en,0422,Suncor Energy Inc.,Lewis,Alberta,Regional Municipality of Wood Buffalo,"6,200.00","5,000 - 10,000",Planned,No,N/A,,56.94062750751476,-111.0483611526399,,point,Natural Resources Canada,https://natural-resources.canada.ca/science-data/data-analysis/natural-resources-major-projects-planned-under-construction-2024-2034
en,7057,Northland Power Luna I GP Inc,Luna Solar+ Project,Alberta,Newell County,700.00,500 - 750,Planned,Yes,Solar,,50.60377491848504,-112.23601373213037,,point,Natural Resources Canada,https://natural-resources.canada.ca/science-data/data-analysis/natural-resources-major-projects-planned-under-construction-2024-2034
en,8004,Federation Group,Marguerite Lake Compressed Air Energy Storage,Alberta,Bonnyville No. 87,500.00,500 - 750,Planned,Yes,Energy Storage,,54.58571435205573,-110.80400462793247,,point,Natural Resources Canada,https://natural-resources.canada.ca/science-data/data-analysis/natural-resources-major-projects-planned-under-construction-2024-2034
en,6062,Voltarix Group,Moon Lake Solar Project,Alberta,Parkland County,43.00,10 - 50 ,Under Construction,Yes,Solar,,53.42250078412357,-114.99053218644902,,point,Natural Resources Canada,https://natural-resources.canada.ca/science-data/data-analysis/natural-resources-major-projects-planned-under-construction-2024-2034
en,8042,Canadian Natural Resources Ltd. (CNRL),Naphtha Recovery Unit Tailings Treatment Project,Alberta,Wood Buffalo,350.00,250 - 500,Under Construction,No,N/A,,57.34739237729774,-111.84100795950293,,point,Natural Resources Canada,https://natural-resources.canada.ca/science-data/data-analysis/natural-resources-major-projects-planned-under-construction-2024-2034
en,8029,Renewable Energy Systems Canada Inc.,Nova Solar Project,Alberta,Wheatland County,225.00,100 - 250,Planned,Yes,Bioenergy,,50.84036279377887,-113.52506107992372,,point,Natural Resources Canada,https://natural-resources.canada.ca/science-data/data-analysis/natural-resources-major-projects-planned-under-construction-2024-2034
en,7069,The Pathways Alliance,Pathways Alliance Carbon Capture Storage Hub (Phase 1),Alberta,Improvement District No. 349|Wood Buffalo|Lac la Biche County|Improvement District No. 24 Wood Buffalo|Bonnyville No. 87,"16,500.00","10,000 +",Planned,Yes,Carbon Capture and Storage,,58.15284035767626,-112.28501642926246,,point,Natural Resources Canada,https://natural-resources.canada.ca/science-data/data-analysis/natural-resources-major-projects-planned-under-construction-2024-2034
en,8009,Peace Energy Cooperative,Peace River Energy Project,Alberta,Peace River,11.00,10 - 50 ,Under Construction,Yes,Solar,,56.24325961802046,-117.35159675881134,,point,Natural Resources Canada,https://natural-resources.canada.ca/science-data/data-analysis/natural-resources-major-projects-planned-under-construction-2024-2034
en,8043,EDF EN Canada,Pe-Na-Koyim Wind Project,Alberta,Blood 148,425.00,250 - 500,Planned,Yes,Wind,,49.44702573738304,-113.12142762346306,,point,Natural Resources Canada,https://natural-resources.canada.ca/science-data/data-analysis/natural-resources-major-projects-planned-under-construction-2024-2034
en,4126,Devon Energy Corporation/ BP JV,Pike,Alberta,Regional Municipality of Wood Buffalo,"1,900.00","1,000 - 2,500",Planned,No,N/A,,55.59941238878263,-110.99578104140443,,point,Natural Resources Canada,https://natural-resources.canada.ca/science-data/data-analysis/natural-resources-major-projects-planned-under-construction-2024-2034
en,0140,Canadian Natural Resources Limited,Pike (Formely Kirby),Alberta,Lac la Biche County,"7,700.00","5,000 - 10,000",Under Construction,No,N/A,,55.448226400882255,-110.82403594354774,,point,Natural Resources Canada,https://natural-resources.canada.ca/science-data/data-analysis/natural-resources-major-projects-planned-under-construction-2024-2034
en,6083,Voltarix Group,Rocktree Solar Project (Fortis Stony Plain 434S DER Solar),Alberta,Parkland County,40.00,10 - 50 ,Planned,Yes,Solar,,53.515094918936676,-113.91209598176626,,point,Natural Resources Canada,https://natural-resources.canada.ca/science-data/data-analysis/natural-resources-major-projects-planned-under-construction-2024-2034
en,6084,City of Medicine Hat,Saamis Solar Farm,Alberta,Medicine Hat,120.00,100 - 250,Planned,Yes,Solar,,50.07068104136028,-110.70735324998958,,point,Natural Resources Canada,https://natural-resources.canada.ca/science-data/data-analysis/natural-resources-major-projects-planned-under-construction-2024-2034
en,0684,Strathcona Resources (formerly Osum Oil Sands Corp.),Sepiko Kesik Project,Alberta,Municipal District of Opportunity,"3,200.00","2,500 - 5,000",Planned,No,N/A,,56.689006357656304,-113.13101269811,,point,Natural Resources Canada,https://natural-resources.canada.ca/science-data/data-analysis/natural-resources-major-projects-planned-under-construction-2024-2034
en,6088,Expander Energy,Slave Lake Bio-Mass/Gas to Liquids Plant,Alberta,Lesser Slave River No.124,35.00,10 - 50 ,Under Construction,Yes,Bioenergy,,55.26504493081816,-114.57518575876578,,point,Natural Resources Canada,https://natural-resources.canada.ca/science-data/data-analysis/natural-resources-major-projects-planned-under-construction-2024-2034
en,7081,ABO Wind Canada Ltd.,Stettler Solar and Battery Storage Project,Alberta,Stettler County No. 6,160.00,100 - 250,Planned,Yes,Solar,,52.29043997702485,-112.75601433198032,,point,Natural Resources Canada,https://natural-resources.canada.ca/science-data/data-analysis/natural-resources-major-projects-planned-under-construction-2024-2034
en,6090,Imperial Oil Ltd.,Strathcona Refinery Renewable Diesel Expansion,Alberta,Strathcona County,720.00,500 - 750,Under Construction,Yes,Bioenergy,,53.546099982986796,-113.38417287374237,,point,Natural Resources Canada,https://natural-resources.canada.ca/science-data/data-analysis/natural-resources-major-projects-planned-under-construction-2024-2034
en,8006,METLEN Energy & Metals,Sunnynook Solar Project,Alberta,Special Area No. 2,385.00,250 - 500,Under Construction,Yes,Solar,,51.325488045728534,-111.55785977985856,,point,Natural Resources Canada,https://natural-resources.canada.ca/science-data/data-analysis/natural-resources-major-projects-planned-under-construction-2024-2034
en,0858,ConocoPhillips Canada,Surmont,Alberta,Regional Municipality of Wood Buffalo,"6,000.00","5,000 - 10,000",Planned,No,N/A,,56.193607428181664,-110.950615259331,,point,Natural Resources Canada,https://natural-resources.canada.ca/science-data/data-analysis/natural-resources-major-projects-planned-under-construction-2024-2034
en,0105,Suncor Energy Inc.,Syncrude (Mildred Lake Extension),Alberta,Regional Municipality of Wood Buffalo (RMWB),"3,300.00","2,500 - 5,000",Under Construction,No,N/A,,55.639007409698884,-110.84681502112532,,point,Natural Resources Canada,https://natural-resources.canada.ca/science-data/data-analysis/natural-resources-major-projects-planned-under-construction-2024-2034
en,0850,Syncrude Canada Ltd.,Syncrude Mildred Lake Extension,Alberta,Mildred Lake,"3,300.00","2,500 - 5,000",Under Construction,No,N/A,,57.04521839482405,-111.58510376639647,,point,Natural Resources Canada,https://natural-resources.canada.ca/science-data/data-analysis/natural-resources-major-projects-planned-under-construction-2024-2034
en,5038,TransAlta Renewables,Tempest Wind Power Project,Alberta,Flagstaff County,105.00,100 - 250,Planned,Yes,Wind,,52.55555110940332,-111.76417718776113,,point,Natural Resources Canada,https://natural-resources.canada.ca/science-data/data-analysis/natural-resources-major-projects-planned-under-construction-2024-2034
en,0607,Value Creation Inc.,TriStar Advanced (In Situ + Upgrader),Alberta,Regional Municipality of Wood Buffalo (RMWB),"2,000.00","1,000 - 2,500",Planned,No,N/A,,56.736821431867355,-111.15659353076784,,point,Natural Resources Canada,https://natural-resources.canada.ca/science-data/data-analysis/natural-resources-major-projects-planned-under-construction-2024-2034
en,4057,EDF Renewables Canada,Vulcan Solar Project,Alberta,Vulcan County,155.00,100 - 250,Planned,Yes,Solar,,50.40378979208051,-113.25314690001144,,point,Natural Resources Canada,https://natural-resources.canada.ca/science-data/data-analysis/natural-resources-major-projects-planned-under-construction-2024-2034
en,9012,O'Leary Ventures,Wonder Valley AI Data Centre Park (Phase 1),Alberta,Greenview No. 16,"16,620.00","10,000 +",Planned,No,N/A,,54.811932389186026,-118.68336645342089,,point,Natural Resources Canada,https://natural-resources.canada.ca/science-data/data-analysis/natural-resources-major-projects-planned-under-construction-2024-2034
en,8047,Ulkatcho Energy Corporation,Anahim Lake Solar Project,British Columbia,Anahim Lake,30.00,10 - 50 ,Under Construction,Yes,Solar,,52.46187545796873,-125.30183675686074,,point,Natural Resources Canada,https://natural-resources.canada.ca/science-data/data-analysis/natural-resources-major-projects-planned-under-construction-2024-2034
en,5018,Tlingit Homeland Energy Limited Partnership (THELP),Atlin Hydro Expansion project,British Columbia,Atlin,315.00,250 - 500,Planned,Yes,Hydro,,59.582978309458504,-133.64456514110927,,point,Natural Resources Canada,https://natural-resources.canada.ca/science-data/data-analysis/natural-resources-major-projects-planned-under-construction-2024-2034
en,4104,Canfor Corporation/Licella,Biofuel Facility,British Columbia,Prince George,70.00,50 - 100,Planned,Yes,Bioenergy,,53.92241583182545,-122.74572286801184,,point,Natural Resources Canada,https://natural-resources.canada.ca/science-data/data-analysis/natural-resources-major-projects-planned-under-construction-2024-2034
en,2122,Yun Ka Whu'ten Holdings,Biomass Project - Anahim Lake,British Columbia,"Cariboo, Anahim Lake",15.00,10 - 50 ,Planned,Yes,Bioenergy,,52.46535345624128,-125.31755776109446,,point,Natural Resources Canada,https://natural-resources.canada.ca/science-data/data-analysis/natural-resources-major-projects-planned-under-construction-2024-2034
en,0938,Cedar LNG  (partnership between Pembina Pipeline Corporation and Haisla Nation),Cedar LNG,British Columbia,Kitimat,"4,000.00","2,500 - 5,000",Planned,No,N/A,,53.9254160368947,-128.72793278374058,,point,Natural Resources Canada,https://natural-resources.canada.ca/science-data/data-analysis/natural-resources-major-projects-planned-under-construction-2024-2034
en,4081,BC Hydro,Cheakamus Recoat Units 1 & 2 Penstock Project,British Columbia,Squamish,35.00,10 - 50 ,Under Construction,Yes,Hydro,,49.702858623121855,-123.15902656864714,,point,Natural Resources Canada,https://natural-resources.canada.ca/science-data/data-analysis/natural-resources-major-projects-planned-under-construction-2024-2034
en,0970,Creative Energy Vancouver Platforms Inc.,Creative Energy Plant,British Columbia,Vancouver,100.00,100 - 250,Under Construction,Yes,Bioenergy,,49.27818960970724,-123.11245344429159,,point,Natural Resources Canada,https://natural-resources.canada.ca/science-data/data-analysis/natural-resources-major-projects-planned-under-construction-2024-2034
en,4106,BC Hydro,Downtown Vancouver Electricity Supply - West End Strategic Property Purchase,British Columbia,Vancouver,81.00,50 - 100,Under Construction,No,N/A,,49.274225608574376,-123.12562044560613,,point,Natural Resources Canada,https://natural-resources.canada.ca/science-data/data-analysis/natural-resources-major-projects-planned-under-construction-2024-2034
en,0188,Fosthall Creek Power LP,Fosthall Creek Hydropower Project,British Columbia,Nakusp,50.00,50 - 100,Planned,Yes,Hydro,,50.241338271704784,-117.80108978074341,,point,Natural Resources Canada,https://natural-resources.canada.ca/science-data/data-analysis/natural-resources-major-projects-planned-under-construction-2024-2034
en,0965,BC Hydro,G.M. Shrum Units 1 to 10 Control Systems Upgrade Project,British Columbia,Hudson Hope,75.00,50 - 100,Under Construction,No,N/A,,56.01667596272236,-122.2027623146087,,point,Natural Resources Canada,https://natural-resources.canada.ca/science-data/data-analysis/natural-resources-major-projects-planned-under-construction-2024-2034
en,0010,Aeolis / Boralex,Hackney Hills Wind Park,British Columbia,Fort St. John,400.00,250 - 500,Planned,Yes,Wind,,56.24926915303787,-120.84756646255396,,point,Natural Resources Canada,https://natural-resources.canada.ca/science-data/data-analysis/natural-resources-major-projects-planned-under-construction-2024-2034
en,0208,Hawkeye Energy Corp.,Hawkeye Green Energy Grid Project,British Columbia,Powell River,450.00,250 - 500,Planned,Yes,Hydro,,49.83605046771149,-124.52480981895786,,point,Natural Resources Canada,https://natural-resources.canada.ca/science-data/data-analysis/natural-resources-major-projects-planned-under-construction-2024-2034
en,0980,Kruger Energy Inc.,Isle Pierre Wind Farm,British Columbia,Prince George,400.00,250 - 500,Planned,Yes,Wind,,53.912783744705926,-123.40390597474111,,point,Natural Resources Canada,https://natural-resources.canada.ca/science-data/data-analysis/natural-resources-major-projects-planned-under-construction-2024-2034
en,4116,Alcan Aluminum Ltd. and the Province of BC,Kenney Dam Cold Water Release Facility,British Columbia,Vanderhoof,275.00,250 - 500,Planned,No,N/A,,53.566672534048,-124.95001709775694,,point,Natural Resources Canada,https://natural-resources.canada.ca/science-data/data-analysis/natural-resources-major-projects-planned-under-construction-2024-2034
en,0165,WindRiver Power Corp.,Kinskuch Hydroelectric Project,British Columbia,Iskut,300.00,250 - 500,Planned,Yes,Hydro,,57.85717888202591,-129.97926772233177,,point,Natural Resources Canada,https://natural-resources.canada.ca/science-data/data-analysis/natural-resources-major-projects-planned-under-construction-2024-2034
en,1037,"Nisga'a Nation, Western LNG, Rockies LNG Partners",Ksi Lisims LNG,British Columbia,Nasoga Gulf,"10,000.00","10,000 +",Planned,No,N/A,,54.9015738613368,-130.0726223522332,,point,Natural Resources Canada,https://natural-resources.canada.ca/science-data/data-analysis/natural-resources-major-projects-planned-under-construction-2024-2034
en,0974,Enbridge/ Borealis Inc./ Kitselas First Nation,Lakelse Geothermal Power Plant,British Columbia,Terrace,120.00,100 - 250,Planned,Yes,Bioenergy,,54.44564506940774,-128.5403179643181,,point,Natural Resources Canada,https://natural-resources.canada.ca/science-data/data-analysis/natural-resources-major-projects-planned-under-construction-2024-2034
en,4108,BCHydro,LNG Canada Load Interconnection Project,British Columbia,Kitimat,82.00,50 - 100,Under Construction,No,N/A,,54.06154105091425,-128.63390482274906,,point,Natural Resources Canada,https://natural-resources.canada.ca/science-data/data-analysis/natural-resources-major-projects-planned-under-construction-2024-2034
en,6046,"LNG Canada (Shell Canada Limited, PETRONAS, Korea Gas Corporation (KOGAS), Mitsubishi Corporation, and PetroChina Company Limited)",LNG Canada Phase 2,British Columbia,Kitimat,"25,000.00","10,000 +",Planned,No,N/A,,54.08195605054043,-128.63807583162247,,point,Natural Resources Canada,https://natural-resources.canada.ca/science-data/data-analysis/natural-resources-major-projects-planned-under-construction-2024-2034
en,0764,Highwater Power Corporation Altagas Ltd.,Log Creek Water Power  Project,British Columbia,Boston Bar,20.00,10 - 50 ,Planned,Yes,Hydro,,49.9389418236295,-121.54588336902086,,point,Natural Resources Canada,https://natural-resources.canada.ca/science-data/data-analysis/natural-resources-major-projects-planned-under-construction-2024-2034
en,0027,Syntaris Power Corp.,Lower Wood River Hydropower Project,British Columbia,Mica,144.00,100 - 250,Planned,Yes,Hydro,,52.00866727854351,-118.56378144940811,,point,Natural Resources Canada,https://natural-resources.canada.ca/science-data/data-analysis/natural-resources-major-projects-planned-under-construction-2024-2034
en,9069,Meager Creek Development Corporation (https://meagercreek.ca/),Meager Creek Geothermal Project,British Columbia,Whistler,100.00,100 - 250,Planned,Yes,Geothermal,,50.57870562402451,-123.45882586761996,,point,Natural Resources Canada,https://natural-resources.canada.ca/science-data/data-analysis/natural-resources-major-projects-planned-under-construction-2024-2034
en,4079,BC Hydro,Mica 600V Circuit Breaker Upgrades Project,British Columbia,Revelstoke,32.00,10 - 50 ,Under Construction,Yes,Hydro,,51.049743272838825,-118.19468608791263,,point,Natural Resources Canada,https://natural-resources.canada.ca/science-data/data-analysis/natural-resources-major-projects-planned-under-construction-2024-2034
en,4093,BC Hydro,Mica Modernize Controls (Digital) Project,British Columbia,Revelstoke,56.00,50 - 100,Under Construction,Yes,Hydro,,51.001448269397514,-118.19375507247065,,point,Natural Resources Canada,https://natural-resources.canada.ca/science-data/data-analysis/natural-resources-major-projects-planned-under-construction-2024-2034
en,9077,"Ecoener Energie Canada Inc. (Ecoener, Lheidli T'enneh)",Nilhts'i Ecoener Project ,British Columbia,Hixon,425.00,250 - 500,Planned,Yes,Wind,,53.430879068945806,-122.33631121760547,,point,Natural Resources Canada,https://natural-resources.canada.ca/science-data/data-analysis/natural-resources-major-projects-planned-under-construction-2024-2034
en,0067,BC Hydro,Peace River Site C Hydro-electric project,British Columbia,Fort St. John,"16,000.00","10,000 +",Under Construction,Yes,Hydro,,56.250795152938124,-120.8483104651631,,point,Natural Resources Canada,https://natural-resources.canada.ca/science-data/data-analysis/natural-resources-major-projects-planned-under-construction-2024-2034
en,0707,Port Alberni Harbour Authority,Port Alberni LNG Export Facility,British Columbia,Port Alberni,"1,600.00","1,000 - 2,500",Planned,No,N/A,,49.23001940949698,-124.81107569248316,,point,Natural Resources Canada,https://natural-resources.canada.ca/science-data/data-analysis/natural-resources-major-projects-planned-under-construction-2024-2034
en,0983,Red Willow Wind LP,Red Willow Wind Farm,British Columbia,Tumbler Ridge,480.00,250 - 500,Planned,Yes,Wind,,54.80866917107059,-120.37502777981982,,point,Natural Resources Canada,https://natural-resources.canada.ca/science-data/data-analysis/natural-resources-major-projects-planned-under-construction-2024-2034
en,4119,AltaGas / Vopak Development Canada Inc.,Ridley Island Energy Export Facility (REEF),British Columbia,Prince Rupert,750.00,"750 - 1,000",Planned,No,N/A,,54.31419282379263,-130.32220114276933,,point,Natural Resources Canada,https://natural-resources.canada.ca/science-data/data-analysis/natural-resources-major-projects-planned-under-construction-2024-2034
en,0545,Holmes Hydro,Robson Valley Hydroelectric Project,British Columbia,McBride,200.00,100 - 250,Planned,Yes,Hydro,,53.34686518237983,-119.84065113668431,,point,Natural Resources Canada,https://natural-resources.canada.ca/science-data/data-analysis/natural-resources-major-projects-planned-under-construction-2024-2034
en,0692,EDF Renouvelables,Taylor Wind Project,British Columbia,Taylor,600.00,500 - 750,Planned,Yes,Wind,,55.99995315826963,-120.76406333996326,,point,Natural Resources Canada,https://natural-resources.canada.ca/science-data/data-analysis/natural-resources-major-projects-planned-under-construction-2024-2034
en,5060,Fortis,Tilbury LNG Phase 1B,British Columbia,Delta,60.00,50 - 100,Planned,No,N/A,,49.141803214496605,-123.02352039431199,,point,Natural Resources Canada,https://natural-resources.canada.ca/science-data/data-analysis/natural-resources-major-projects-planned-under-construction-2024-2034
en,0943,Tilbury Jetty LP,Tilbury Marine Jetty,British Columbia,Delta,175.00,100 - 250,Planned,No,N/A,,49.141803214496605,-123.02352039431199,,point,Natural Resources Canada,https://natural-resources.canada.ca/science-data/data-analysis/natural-resources-major-projects-planned-under-construction-2024-2034
en,4170,Fortis BC,Tilbury Phase 2 LNG expansion project,British Columbia,Delta,"3,000.00","2,500 - 5,000",Planned,No,N/A,,49.14240561290611,-123.03421539525135,,point,Natural Resources Canada,https://natural-resources.canada.ca/science-data/data-analysis/natural-resources-major-projects-planned-under-construction-2024-2034
en,5010,Deh Tai GP Ltd,Tu Deh Kah Geothermal Development,British Columbia,Fort Nelson,100.00,100 - 250,Planned,Yes,Bioenergy,,58.772043036142314,-122.66014132981157,,point,Natural Resources Canada,https://natural-resources.canada.ca/science-data/data-analysis/natural-resources-major-projects-planned-under-construction-2024-2034
en,2025,Synex Energy Resources Ltd.,Victoria Lake Hydro Project,British Columbia,"Vancouver Island/Coast, Port Alice",18.00,10 - 50 ,Planned,Yes,Hydro,,50.43487012859043,-127.48676841941774,,point,Natural Resources Canada,https://natural-resources.canada.ca/science-data/data-analysis/natural-resources-major-projects-planned-under-construction-2024-2034
en,0652,Woodfibre LNG,Woodfibre LNG project,British Columbia,Squamish,"6,880.00","5,000 - 10,000",Under Construction,No,N/A,,49.66667261106278,-123.2527935730007,,point,Natural Resources Canada,https://natural-resources.canada.ca/science-data/data-analysis/natural-resources-major-projects-planned-under-construction-2024-2034
en,8329,Manitoba Hydro,Dauphin Vermillion 230kV Stn Capacity In,Manitoba,Dauphin,21.90,10 - 50 ,Under Construction,Yes,Hydro,,51.149008208168205,-100.04901080101858,,point,Natural Resources Canada,https://natural-resources.canada.ca/science-data/data-analysis/natural-resources-major-projects-planned-under-construction-2024-2034
en,6045,Manitoba Hydro,Limestone Units 1-3 & 5-10 Stator Re-Wedge,Manitoba,Nelson River,38.60,10 - 50 ,Under Construction,Yes,Hydro,,56.50690927832008,-94.10691042372036,,point,Natural Resources Canada,https://natural-resources.canada.ca/science-data/data-analysis/natural-resources-major-projects-planned-under-construction-2024-2034
en,6047,Manitoba Hydro,Long Spruce Generator Protection Replacement,Manitoba,Nelson River,22.00,10 - 50 ,Under Construction,Yes,Hydro,,56.39790924556829,-94.36921047473238,,point,Natural Resources Canada,https://natural-resources.canada.ca/science-data/data-analysis/natural-resources-major-projects-planned-under-construction-2024-2034
en,7073,Manitoba Hydro,Pointe du Bois Renewable Energy Project,Manitoba,Wpg River,308.40,250 - 500,Under Construction,Yes,Hydro,,50.30000851434925,-95.55000931596169,,point,Natural Resources Canada,https://natural-resources.canada.ca/science-data/data-analysis/natural-resources-major-projects-planned-under-construction-2024-2034
en,4201,Manitoba Hydro,Portage Area Capacity Enhancements,Manitoba,Portage la Prarie Area,84.90,50 - 100,Under Construction,Yes,Hydro,,49.97230824054932,-98.29031004119356,,point,Natural Resources Canada,https://natural-resources.canada.ca/science-data/data-analysis/natural-resources-major-projects-planned-under-construction-2024-2034
en,8328,Manitoba Hydro,Slave Falls 7 Bay Sluiceway Concrete Res,Manitoba,Wpg River,84.30,50 - 100,Under Construction,Yes,Hydro,,50.22200850338435,-95.56800930504849,,point,Natural Resources Canada,https://natural-resources.canada.ca/science-data/data-analysis/natural-resources-major-projects-planned-under-construction-2024-2034
en,0298,NB Power and Partners,Smart Grid Investments Phase,New Brunswick,Various locations across NB  (St. John),147.00,100 - 250,Under Construction,Yes,Hydro,,45.275189351486695,-66.06856207473336,,point,Natural Resources Canada,https://natural-resources.canada.ca/science-data/data-analysis/natural-resources-major-projects-planned-under-construction-2024-2034
en,3645,Equinor Canada,Bay du Nord Offshore Oil Project,Newfoundland and Labrador,Offshore Newfoundland,"16,000.00","10,000 +",Planned,No,N/A,,47.900009903486,-46.69999236006142,,point,Natural Resources Canada,https://natural-resources.canada.ca/science-data/data-analysis/natural-resources-major-projects-planned-under-construction-2024-2034
en,6029,LNG Newfoundland and Labrador,Grassy Point LNG,Newfoundland and Labrador,Grassy Point,"10,000.00","10,000 +",Planned,No,N/A,,47.752800932336214,-54.02714193437833,,point,Natural Resources Canada,https://natural-resources.canada.ca/science-data/data-analysis/natural-resources-major-projects-planned-under-construction-2024-2034
en,0215,Husky Energy Inc.,White Rose Expansion,Newfoundland and Labrador,Offshore Newfoundland,"2,300.00","1,000 - 2,500",Under Construction,No,N/A,,47.100054801869035,-48.713372081034386,,point,Natural Resources Canada,https://natural-resources.canada.ca/science-data/data-analysis/natural-resources-major-projects-planned-under-construction-2024-2034
en,0697,"Husky Energy Inc., Suncor, Nalcor Energy",White Rose Expansion - White Rose West,Newfoundland and Labrador,Offshore Newfoundland,"3,800.00","2,500 - 5,000",Under Construction,No,N/A,,46.471909691658915,-48.00539284949052,,point,Natural Resources Canada,https://natural-resources.canada.ca/science-data/data-analysis/natural-resources-major-projects-planned-under-construction-2024-2034
en,6022,NTPC,Fort Providence and Kakisa Transmission Line,Northwest Territories,Highway 2/5 juction to Fort Providence,60.00,50 - 100,Planned,No,N/A,,60.97746477996914,-117.22141212864338,,point,Natural Resources Canada,https://natural-resources.canada.ca/science-data/data-analysis/natural-resources-major-projects-planned-under-construction-2024-2034
en,5002,Inuvialuit Petroleum Corporation,Inuvialuit Energy Security Project,Northwest Territories,17km south of Tuktoyaktuk,160.00,100 - 250,Under Construction,No,N/A,,69.29740414354742,-133.07633015431946,,point,Natural Resources Canada,https://natural-resources.canada.ca/science-data/data-analysis/natural-resources-major-projects-planned-under-construction-2024-2034
en,3602,Enbridge Pipelines Inc.,Line 21 (Norman Wells Pipeline) Segment Replacement Project,Northwest Territories,Mackenzie River,53.00,50 - 100,Planned,No,N/A,,61.83390622649547,-121.09072054181792,,point,Natural Resources Canada,https://natural-resources.canada.ca/science-data/data-analysis/natural-resources-major-projects-planned-under-construction-2024-2034
en,1063,NTPC,Taltson Hydroelectricity Expansion Project (Phase 1),Northwest Territories,Multiple locations,"1,200.00","1,000 - 2,500",Under Construction,Yes,Hydro,,61.443080421813875,-112.71445927184739,,point,Natural Resources Canada,https://natural-resources.canada.ca/science-data/data-analysis/natural-resources-major-projects-planned-under-construction-2024-2034
en,8100,Natural Forces and WMA,Benjamin Mills Wind Project,Nova Scotia,"Dalmouth, Nova Scotia",68.00,50 - 100,Under Construction,Yes,Wind,,44.92060532934184,-64.24824743366972,,point,Natural Resources Canada,https://natural-resources.canada.ca/science-data/data-analysis/natural-resources-major-projects-planned-under-construction-2024-2034
en,4220,Port Hawkesbury Paper,Goose Harbour Lake Wind Farm (formerly Pirate Harbour),Nova Scotia,Point Tupper,450.00,250 - 500,Under Construction,Yes,Wind,,45.60570360575094,-61.37092407029237,,point,Natural Resources Canada,https://natural-resources.canada.ca/science-data/data-analysis/natural-resources-major-projects-planned-under-construction-2024-2034
en,8101,Elemental and Sipekne'katik,Higgins Mountain Wind Farm,Nova Scotia,"Wentworth, NS",250.00,250 - 500,Under Construction,Yes,Wind,,45.55120445602968,-63.60783123985326,,point,Natural Resources Canada,https://natural-resources.canada.ca/science-data/data-analysis/natural-resources-major-projects-planned-under-construction-2024-2034
en,4204,Jupiter Hydro,In-Stream Tidal Demonstration Project,Nova Scotia,Bay of Fundy,23.30,10 - 50 ,Planned,Yes,Tidal,,45.357413405075945,-64.40966550695899,,point,Natural Resources Canada,https://natural-resources.canada.ca/science-data/data-analysis/natural-resources-major-projects-planned-under-construction-2024-2034
en,4154,Sustane Technologies,Sustane Chester,Nova Scotia,"Chester, NS",16.00,10 - 50 ,Under Construction,Yes,Bioenergy,,44.71885929532686,-64.23958942328696,,point,Natural Resources Canada,https://natural-resources.canada.ca/science-data/data-analysis/natural-resources-major-projects-planned-under-construction-2024-2034
en,4205,Nova Innovation,The Nova Tidal Array (Petit Passage),Nova Scotia,Petit Passage,22.00,10 - 50 ,Under Construction,Yes,Tidal,,44.3923451902667,-66.20675907830483,,point,Natural Resources Canada,https://natural-resources.canada.ca/science-data/data-analysis/natural-resources-major-projects-planned-under-construction-2024-2034
en,8098,SWEB and Glooscap First Nation,Weavers Mountain Wind Farm,Nova Scotia,"Beaver Meadow, NS",225.00,100 - 250,Under Construction,Yes,Wind,,45.52644247857685,-62.17849274444202,,point,Natural Resources Canada,https://natural-resources.canada.ca/science-data/data-analysis/natural-resources-major-projects-planned-under-construction-2024-2034
en,8116,Wahgoshig Solar FIT5 LP,Almonte BESS 2,Ontario,Mississippi Mills,29.00,10 - 50 ,Under Construction,Yes,Energy Storage,,45.19775099665911,-76.17348847476067,,point,Natural Resources Canada,https://natural-resources.canada.ca/science-data/data-analysis/natural-resources-major-projects-planned-under-construction-2024-2034
en,0654,Bruce Power,Bruce Nuclear Refurbishment,Ontario,Tiverton,"13,000.00","10,000 +",Under Construction,Yes,Nuclear,,44.32730859487263,-81.58610414476549,,point,Natural Resources Canada,https://natural-resources.canada.ca/science-data/data-analysis/natural-resources-major-projects-planned-under-construction-2024-2034
en,0333,Ontario Power Generation,Darlington Refurbishment Project,Ontario,Clarington,"12,800.00","10,000 +",Under Construction,Yes,Nuclear,,43.86987765370181,-78.71949018864062,,point,Natural Resources Canada,https://natural-resources.canada.ca/science-data/data-analysis/natural-resources-major-projects-planned-under-construction-2024-2034
en,8119,Brookfield Renewable Power Inc. Evolugen,Fitzroy South March BESS,Ontario,Ottawa,650.00,500 - 750,Planned,Yes,Energy Storage,,45.44589903736743,-76.21521251147493,,point,Natural Resources Canada,https://natural-resources.canada.ca/science-data/data-analysis/natural-resources-major-projects-planned-under-construction-2024-2034
en,9155,Capital Power Corporation,Goreway BESS,Ontario,Brampton,161.00,100 - 250,Planned,Yes,Energy Storage,,43.74641338974536,-79.67939073370556,,point,Natural Resources Canada,https://natural-resources.canada.ca/science-data/data-analysis/natural-resources-major-projects-planned-under-construction-2024-2034
en,8109,Hagersville Battery Storage Inc. (Boralex Inc.),Hagersville Battery Energy Storage Park,Ontario,Hagersville,538.00,500 - 750,Planned,Yes,Energy Storage,,42.930008422745985,-80.12000355542577,,point,Natural Resources Canada,https://natural-resources.canada.ca/science-data/data-analysis/natural-resources-major-projects-planned-under-construction-2024-2034
en,0644,Ontario Power Generation,New Nuclear Power Plant - Darlington Small Modular Reactor Project,Ontario,Darlington,"20,900.00","10,000 +",Under Construction,Yes,Nuclear,,43.872692654798904,-78.70653018556989,,point,Natural Resources Canada,https://natural-resources.canada.ca/science-data/data-analysis/natural-resources-major-projects-planned-under-construction-2024-2034
en,8128,Ontario Power Generation,Pickering Refubrishment Project,Ontario,Pickering,"6,200.00","5,000 - 10,000",Planned,Yes,Nuclear,,43.80990862687256,-79.06620329514541,,point,Natural Resources Canada,https://natural-resources.canada.ca/science-data/data-analysis/natural-resources-major-projects-planned-under-construction-2024-2034
en,8108,Ontario Power Generation,R.H. Saunders Refurbishment,Ontario,Cornwall,600.00,500 - 750,Planned,Yes,Hydro,,45.00962902123348,-74.78765200244551,,point,Natural Resources Canada,https://natural-resources.canada.ca/science-data/data-analysis/natural-resources-major-projects-planned-under-construction-2024-2034
en,4148,Ontario Power Generation,Ranney Falls Expansion,Ontario,Campbellford,77.00,50 - 100,Under Construction,No,N/A,,44.291789769462085,-77.8011840315436,,point,Natural Resources Canada,https://natural-resources.canada.ca/science-data/data-analysis/natural-resources-major-projects-planned-under-construction-2024-2034
en,5067,Ontario Power Generation,Redevelopment of Coniston station,Ontario,Sudbury,85.00,50 - 100,Planned,Yes,Hydro,,46.4746189873983,-80.81837312268169,,point,Natural Resources Canada,https://natural-resources.canada.ca/science-data/data-analysis/natural-resources-major-projects-planned-under-construction-2024-2034
en,5066,Ontario Power Generation,Redevelopment of the Calabogie site,Ontario,Greater Madawaska,137.00,100 - 250,Under Construction,Yes,Hydro,,45.303539991518605,-76.7107076610028,,point,Natural Resources Canada,https://natural-resources.canada.ca/science-data/data-analysis/natural-resources-major-projects-planned-under-construction-2024-2034
en,8107,Ontario Power Generation,Sir Adam Beck Complex Refurbishment,Ontario,Niagara Falls,"1,000.00","1,000 - 2,500",Planned,Yes,Hydro,,43.14910851148513,-79.04442323243475,,point,Natural Resources Canada,https://natural-resources.canada.ca/science-data/data-analysis/natural-resources-major-projects-planned-under-construction-2024-2034
en,8115,Potentia Renewables Inc.,Skyview 2 Battery Energy Storage System,Ontario,Edwardsburgh-Cardinal,750.00,"750 - 1,000",Planned,Yes,Energy Storage,,44.14855878536593,-76.84013260635508,,point,Natural Resources Canada,https://natural-resources.canada.ca/science-data/data-analysis/natural-resources-major-projects-planned-under-construction-2024-2034
en,8111,Tilbury Battery Storage Inc. ( Boralex Inc.),Tilbury Battery Storage,Ontario,Lakeshore,172.00,100 - 250,Under Construction,Yes,Energy Storage,,42.28000819610947,-82.43000421722917,,point,Natural Resources Canada,https://natural-resources.canada.ca/science-data/data-analysis/natural-resources-major-projects-planned-under-construction-2024-2034
en,8124,Trailroad BESS Inc. Evolugen,Trail Road BESS,Ontario,Ottawa,350.00,250 - 500,Planned,Yes,Energy Storage,,45.21372901650265,-75.75485233820912,,point,Natural Resources Canada,https://natural-resources.canada.ca/science-data/data-analysis/natural-resources-major-projects-planned-under-construction-2024-2034
en,8112,Capital Power Corporation,York – Battery Energy Storage System,Ontario,King,352.00,250 - 500,Under Construction,Yes,Energy Storage,,44.08000865305886,-79.5300034689153,,point,Natural Resources Canada,https://natural-resources.canada.ca/science-data/data-analysis/natural-resources-major-projects-planned-under-construction-2024-2034
en,2020,PEI Energy Corporation,PEIEC Wind Farm #5,Prince Edward Island,Eastern Kings,80.00,50 - 100,Under Construction,Yes,Wind,,46.433855637314906,-62.0998197500688,,point,Natural Resources Canada,https://natural-resources.canada.ca/science-data/data-analysis/natural-resources-major-projects-planned-under-construction-2024-2034
en,7079,Invenergy,Skinners Pond Wind Energy Centre,Prince Edward Island,Sherbrooke; Tignish,85.00,50 - 100,Planned,Yes,Wind,,46.42192268375068,-63.77014007164625,,point,Natural Resources Canada,https://natural-resources.canada.ca/science-data/data-analysis/natural-resources-major-projects-planned-under-construction-2024-2034
en,5077,Greenfield Global,Agrandissement usine d'éthanol à Varennes,Quebec,Varennes,120.00,100 - 250,Planned,Yes,Bioenergy,,45.68201108867333,-73.44098453886596,,point,Natural Resources Canada,https://natural-resources.canada.ca/science-data/data-analysis/natural-resources-major-projects-planned-under-construction-2024-2034
en,2110,"Nation Innue, RES et Boralex",Apuiat Wind Farm,Quebec,MRC de Sept-Rivières,608.00,500 - 750,Under Construction,Yes,Wind,,50.21057015396229,-66.37465246018533,,point,Natural Resources Canada,https://natural-resources.canada.ca/science-data/data-analysis/natural-resources-major-projects-planned-under-construction-2024-2034
en,1050,"Manouane Sipi, Société en commandite

",Centrale hydroélectrique Manouane Sipi (Dam B),Quebec,La Tuque,100.00,100 - 250,Planned,Yes,Hydro,,47.38120946849655,-73.57270179046289,,point,Natural Resources Canada,https://natural-resources.canada.ca/science-data/data-analysis/natural-resources-major-projects-planned-under-construction-2024-2034
en,3600,Fibre Pontiac,Fibre Pontiac (The Biomass Conversion Centre),Quebec,Pontiac,120.00,100 - 250,Planned,Yes,Bioenergy,,45.54231605809882,-76.10905848348709,,point,Natural Resources Canada,https://natural-resources.canada.ca/science-data/data-analysis/natural-resources-major-projects-planned-under-construction-2024-2034
en,6031,Diageo Canada Inc.,Implantation de mesures de réduction des émissions de GES et de conversion énergétique,Quebec,Salaberry-de-Valleyfield,94.00,50 - 100,Planned,No,N/A,,45.256783648130806,-74.12034437396946,,point,Natural Resources Canada,https://natural-resources.canada.ca/science-data/data-analysis/natural-resources-major-projects-planned-under-construction-2024-2034
en,6101,Ville de Québec,Projet de valorisation de la vapeur de l'incinérateur pour le CHU de Québec - Université Laval,Quebec,Ville de Québec,43.80,10 - 50 ,Planned,Yes,Other,,46.83470946667822,-71.20330093275318,,point,Natural Resources Canada,https://natural-resources.canada.ca/science-data/data-analysis/natural-resources-major-projects-planned-under-construction-2024-2034
en,0220,Hydro-Québec,Rénovation de groupes à la centrale électrique Beauharnois,Quebec,Beauharnois,"1,600.00","1,000 - 2,500",Under Construction,Yes,Hydro,,45.32898811241681,-73.87550572317538,,point,Natural Resources Canada,https://natural-resources.canada.ca/science-data/data-analysis/natural-resources-major-projects-planned-under-construction-2024-2034
en,7077,SAF + Consortium,SAF Consortium,Quebec,Montreal,200.00,100 - 250,Planned,Yes,Bioenergy,,45.597554774103884,-73.60407836987785,,point,Natural Resources Canada,https://natural-resources.canada.ca/science-data/data-analysis/natural-resources-major-projects-planned-under-construction-2024-2034
en,0703,StormFisher Hydrogen (formerly Recyclage Carbone Varennes),Usine de carburant à faible intensité carbone (inclut un électrolyseur),Quebec,Varennes,"1,490.00","1,000 - 2,500",Under Construction,Yes,Multiple,,45.681224190687864,-73.43509360332713,,point,Natural Resources Canada,https://natural-resources.canada.ca/science-data/data-analysis/natural-resources-major-projects-planned-under-construction-2024-2034
en,5076,Résolve Énergie,Usine de production d'éthanol cellulosique,Quebec,Chaudière-Appalaches,300.00,250 - 500,Planned,Yes,Bioenergy,,46.48334082923308,-70.61666490630381,,point,Natural Resources Canada,https://natural-resources.canada.ca/science-data/data-analysis/natural-resources-major-projects-planned-under-construction-2024-2034
en,7086,Énergir/WM Québec,WM Sainte-Sophie Landfill RNG Facility,Quebec,Saint-Sophie,200.00,100 - 250,Planned,Yes,Bioenergy,,45.84605120020925,-73.94108478705101,,point,Natural Resources Canada,https://natural-resources.canada.ca/science-data/data-analysis/natural-resources-major-projects-planned-under-construction-2024-2034
en,8319,Covenant Energy Ltd.,Covenant Energy  Renewable Diesel Facility,Saskatchewan,Lloydminster,920.00,"750 - 1,000",Planned,Yes,Bioenergy,,53.29464695644856,-109.98372702277987,,point,Natural Resources Canada,https://natural-resources.canada.ca/science-data/data-analysis/natural-resources-major-projects-planned-under-construction-2024-2034
en,4217,Cenovus Energy Inc.,Spruce Lake East Lloyd,Saskatchewan,Spruce Lake,350.00,250 - 500,Under Construction,No,N/A,,53.54445448051496,-109.0896328587503,,point,Natural Resources Canada,https://natural-resources.canada.ca/science-data/data-analysis/natural-resources-major-projects-planned-under-construction-2024-2034
en,4219,Yukon Energy Corporation,Grid-Scale Battery Storage,Yukon,Whitehorse,35.00,10 - 50 ,Under Construction,Yes,Energy Storage,,60.77924202999076,-135.27313707668182,,point,Natural Resources Canada,https://natural-resources.canada.ca/science-data/data-analysis/natural-resources-major-projects-planned-under-construction-2024-2034
en,9209,Yukon Energy Corporation,Mayo hydro faciltity upgrades,Yukon,Mayo,200.00,100 - 250,Planned,Yes,Hydro,,63.6329138445514,-135.92850429038748,,point,Natural Resources Canada,https://natural-resources.canada.ca/science-data/data-analysis/natural-resources-major-projects-planned-under-construction-2024-2034
en,9210,Copper Niisüü LP (White River First Nation Corporation),Saa Sè Solar Beaver Creek,Yukon,Beaver Creek,19.00,10 - 50 ,Under Construction,Yes,Solar,,62.38390306188757,-140.89192369089943,,point,Natural Resources Canada,https://natural-resources.canada.ca/science-data/data-analysis/natural-resources-major-projects-planned-under-construction-2024-2034
en,9211,"First Kaska, (Liard First Nation Economic Development Corporation)",Sādę Solar Watson Lake,Yukon,Watson Lake,30.00,10 - 50 ,Under Construction,Yes,Solar,,60.06400506802452,-128.701620786436,,point,Natural Resources Canada,https://natural-resources.canada.ca/science-data/data-analysis/natural-resources-major-projects-planned-under-construction-2024-2034
fr,0996,"AltaLink, ATCO",Central East Area Transmission Development,Alberta,Multiple locations,"513,00",500 - 750,En construction,Non,N/A,Ligne de transmission,,,"[[{""lon"": -110.8995250775973, ""lat"": 52.84847622790844}, {""lon"": -110.26338681525446, ""lat"": 52.48095427247306}]]",line,Natural Resources Canada,https://natural-resources.canada.ca/science-data/data-analysis/natural-resources-major-projects-planned-under-construction-2024-2034
fr,0126,Connacher Oil & Gas Ltd.,Great Divide,Alberta,Regional Municipality of Wood Buffalo (RMWB),"600,00",500 - 750,Prévu,Non,N/A,Pipeline,,,"[[{""lon"": -111.82931544365083, ""lat"": 56.11350731592327}, {""lon"": -111.51219189344253, ""lat"": 56.146339143882436}]]",line,Natural Resources Canada,https://natural-resources.canada.ca/science-data/data-analysis/natural-resources-major-projects-planned-under-construction-2024-2034
fr,0651,FortisBC Energy (Vancouver Island) Inc.,Eagle Mountain - Woodfibre LNG Gas Pipeline Projects,Colombie-Britanique,Coquitlam to Squamish,"350,00",250 - 500,En construction,Non,N/A,Pipeline,,,"[[{""lon"": -122.79309839543868, ""lat"": 49.28492264787294}, {""lon"": -123.16078757162828, ""lat"": 49.714269623244}]]",line,Natural Resources Canada,https://natural-resources.canada.ca/science-data/data-analysis/natural-resources-major-projects-planned-under-construction-2024-2034
fr,4231,Enbridge Frontier Inc.,Frontier NGL Plant and Pipeline Project,Colombie-Britanique,Chetwynd,"2 500,00",2 500 - 5 000,Prévu,Non,N/A,Pipeline,,,"[[{""lon"": -121.66892388778616, ""lat"": 55.71251502712359}, {""lon"": -120.72301079854081, ""lat"": 56.15324116754652}]]",line,Natural Resources Canada,https://natural-resources.canada.ca/science-data/data-analysis/natural-resources-major-projects-planned-under-construction-2024-2034
fr,0885,Pacific Northern Gas Ltd.,Pacific Northern Gas Pipeline Looping Project,Colombie-Britanique,Kitimat To Summit Lake,"1 300,00",1 000 - 2 500,Prévu,Non,N/A,Pipeline,,,"[[{""lon"": -128.68556181861072, ""lat"": 54.03302404275836}, {""lon"": -122.63654198142927, ""lat"": 54.270993856528875}]]",line,Natural Resources Canada,https://natural-resources.canada.ca/science-data/data-analysis/natural-resources-major-projects-planned-under-construction-2024-2034
fr,0650,TransCanada,Prince Rupert Gas Transmission Project,Colombie-Britanique,North Montney to Port Edward (near Prince Rupert),"5 000,00",5 000 - 10 000,Prévu,Non,N/A,Pipeline,,,"[[{""lon"": -130.29346010802482, ""lat"": 54.23554282730339}, {""lon"": -122.01143165468748, ""lat"": 56.186844993859964}]]",line,Natural Resources Canada,https://natural-resources.canada.ca/science-data/data-analysis/natural-resources-major-projects-planned-under-construction-2024-2034
fr,4073,PEI Energy Corporation,Western PEI Transmission Upgrade,Île-du-Prince-Édouard,"Western Prince County, PEI","44,00",10 - 50 ,Prévu,Non,N/A,Ligne de transmission,,,"[[{""lon"": -63.77626077337365, ""lat"": 46.43472346996201}, {""lon"": -64.11740865242652, ""lat"": 46.96495485839825}]]",line,Natural Resources Canada,https://natural-resources.canada.ca/science-data/data-analysis/natural-resources-major-projects-planned-under-construction-2024-2034
fr,1023,Nukik Corp.,Kivalliq Hydro Fibre Link,Multiple,Gillam to Baker Lake,"3 200,00",2 500 - 5 000,Prévu,Oui,Hydro,Ligne de transmission,,,"[[{""lon"": -96.08108123795023, ""lat"": 64.32352700092815}, {""lon"": -92.09020595410392, ""lat"": 62.852285803744955}, {""lon"": -93.85470654436244, ""lat"": 56.67014512837238}]]",line,Natural Resources Canada,https://natural-resources.canada.ca/science-data/data-analysis/natural-resources-major-projects-planned-under-construction-2024-2034
fr,6063,Northriver Midstream NEBC Connector GP Inc.,NEBC Connector Project,Multiple,"NW of Wonovon, BC & Gordondale, AB","450,00",250 - 500,Prévu,Non,N/A,Pipeline,,,"[[{""lon"": -122.0580179950256, ""lat"": 56.92280600646155}, {""lon"": -119.6917170664486, ""lat"": 55.839706295661244}]]",line,Natural Resources Canada,https://natural-resources.canada.ca/science-data/data-analysis/natural-resources-major-projects-planned-under-construction-2024-2034
fr,8134,Hydro One,Greater Toronto Area East Line Durham Kawartha Power Line,Ontario,"Pickering/Oshawa, Peterborough","298,00",250 - 500,Prévu,Non,N/A,Ligne de transmission,,,"[[{""lon"": -79.11390331526452, ""lat"": 43.85240863311178}, {""lon"": -78.84660323977157, ""lat"": 43.98230866757875}, {""lon"": -78.9320032982593, ""lat"": 44.311308720706165}]]",line,Natural Resources Canada,https://natural-resources.canada.ca/science-data/data-analysis/natural-resources-major-projects-planned-under-construction-2024-2034
fr,8130,Hydro One,Longwood to Lakeshore Phase 1,Ontario,Municipality of Strathroy-Caradoc to Municipality of Lakeshore,"800,00",750 - 1 000,Prévu,Non,N/A,Ligne de transmission,,,"[[{""lon"": -81.62679402842653, ""lat"": 42.95939835627326}, {""lon"": -82.70597430586251, ""lat"": 42.31002818826645}]]",line,Natural Resources Canada,https://natural-resources.canada.ca/science-data/data-analysis/natural-resources-major-projects-planned-under-construction-2024-2034
fr,8131,Hydro One,Longwood to Lakeshore Phase 2,Ontario,Municipality of Strathroy-Caradoc to Municipality of Lakeshore,"800,00",750 - 1 000,Prévu,Non,N/A,Ligne de transmission,,,"[[{""lon"": -81.62679402842653, ""lat"": 42.95939835627326}, {""lon"": -82.70597430586251, ""lat"": 42.31002818826645}]]",line,Natural Resources Canada,https://natural-resources.canada.ca/science-data/data-analysis/natural-resources-major-projects-planned-under-construction-2024-2034
fr,8132,Hydro One,Mississagi to Third Line Transmission Line North Shore Link Project,Ontario,"Wharncliffe, Sault Ste. Marie","250,00",250 - 500,Prévu,Non,N/A,Ligne de transmission,,,"[[{""lon"": -83.38830494393625, ""lat"": 46.420008838524176}, {""lon"": -84.32880525809954, ""lat"": 46.54500880450048}]]",line,Natural Resources Canada,https://natural-resources.canada.ca/science-data/data-analysis/natural-resources-major-projects-planned-under-construction-2024-2034
fr,8133,Hydro One,Northeast Power Line (Mississagi to Hanmer Transmissio Line),Ontario,"Wharncliffe, Sudbury","530,00",500 - 750,Prévu,Non,N/A,Ligne de transmission,,,"[[{""lon"": -83.38830494393625, ""lat"": 46.420008838524176}, {""lon"": -80.92080417506084, ""lat"": 46.63170900785126}]]",line,Natural Resources Canada,https://natural-resources.canada.ca/science-data/data-analysis/natural-resources-major-projects-planned-under-construction-2024-2034
fr,4000,Hydro One,Northwest Bulk Transmission Line Waasigan Transmission Line,Ontario,Thunder Bay to Dryden,"1 200,00",1 000 - 2 500,En construction,Non,N/A,Ligne de transmission,,,"[[{""lon"": -89.24195708819956, ""lat"": 48.58398878515795}, {""lon"": -91.61500784379284, ""lat"": 48.74362863409662}, {""lon"": -92.84547841733615, ""lat"": 49.854038682594}]]",line,Natural Resources Canada,https://natural-resources.canada.ca/science-data/data-analysis/natural-resources-major-projects-planned-under-construction-2024-2034
fr,8137,PUC Transmisison,PUC Transmissionx Project,Ontario,Sault Ste. Marie,"189,00",100 - 250,Prévu,Non,N/A,Ligne de transmission,,,"[[{""lon"": -84.39065727586261, ""lat"": 46.5273917973633}, {""lon"": -84.32880525809954, ""lat"": 46.54500880450048}]]",line,Natural Resources Canada,https://natural-resources.canada.ca/science-data/data-analysis/natural-resources-major-projects-planned-under-construction-2024-2034
fr,8136,Hydro One,St. Thomas Line (including Centennial Transformer Station & Line),Ontario,City of London to St. Thomas,"400,00",250 - 500,Prévu,Non,N/A,Ligne de transmission,,,"[[{""lon"": -81.1605128809628, ""lat"": 42.93962837493266}, {""lon"": -81.15351986738781, ""lat"": 42.793748349566286}]]",line,Natural Resources Canada,https://natural-resources.canada.ca/science-data/data-analysis/natural-resources-major-projects-planned-under-construction-2024-2034
fr,6089,Hydro One,St.Clair Transmission Line,Ontario,"St.Clair, Chatham Kent","471,90",250 - 500,Prévu,Non,N/A,Ligne de transmission,,,"[[{""lon"": -82.0953441230177, ""lat"": 42.385228232002554}, {""lon"": -82.70597430586251, ""lat"": 42.31002818826645}]]",line,Natural Resources Canada,https://natural-resources.canada.ca/science-data/data-analysis/natural-resources-major-projects-planned-under-construction-2024-2034
fr,8135,TBD  Hydro One,Wawa to Porcupine,Ontario,"Timmins, Greater Sudbury","600,00",500 - 750,Prévu,Non,N/A,Ligne de transmission,,,"[[{""lon"": -84.5469445005294, ""lat"": 47.88515089361095}, {""lon"": -94.90912907573089, ""lat"": 48.46564544491719}]]",line,Natural Resources Canada,https://natural-resources.canada.ca/science-data/data-analysis/natural-resources-major-projects-planned-under-construction-2024-2034
fr,3206,Hydro-Québec,New England Clean Energy Connect (NECEC) project,Québec,Across the Quebec border through Beattie township Maine to Lewiston Maine,"950,00",750 - 1 000,En construction,Non,N/A,Ligne de transmission,,,"[[{""lon"": -70.98428277917243, ""lat"": 45.72302928630145}, {""lon"": -69.96081940375113, ""lat"": 45.333579251748986}, {""lon"": -70.21551841404592, ""lat"": 44.10385202430323}]]",line,Natural Resources Canada,https://natural-resources.canada.ca/science-data/data-analysis/natural-resources-major-projects-planned-under-construction-2024-2034
fr,0547,Hydro-Québec,Raccordement du complexe de La Romaine au réseau de transport,Québec,Camp satellite line 34 5KV,"1 300,00",1 000 - 2 500,En construction,Non,N/A,Ligne de transmission,,,"[[{""lon"": -63.127846286720974, ""lat"": 50.48894626974321}, {""lon"": -66.57519553477161, ""lat"": 50.22393715100787}]]",line,Natural Resources Canada,https://natural-resources.canada.ca/science-data/data-analysis/natural-resources-major-projects-planned-under-construction-2024-2034
fr,3208,"Transmission Developers Inc. (TDI),",Transmission Line - Champlain Hudson Power Express,Québec,Runs south from Canada-US border to the New York metro area,"2 200,00",1 000 - 2 500,En construction,Non,N/A,Ligne de transmission,,,"[[{""lon"": -73.34309052831851, ""lat"": 45.09613609269886}, {""lon"": -73.92068542400284, ""lat"": 40.76311926957715}]]",line,Natural Resources Canada,https://natural-resources.canada.ca/science-data/data-analysis/natural-resources-major-projects-planned-under-construction-2024-2034
fr,6104,NTPC,Whati Transmission Line,Territoires du Nord-Ouest,Whati to Snare Hydro Complex,"41,50",10 - 50 ,Prévu,Oui,Hydro,Ligne de transmission,,,"[[{""lon"": -116.73558351352949, ""lat"": 63.25242788954209}, {""lon"": -116.61002049354275, ""lat"": 63.27000690983897}]]",line,Natural Resources Canada,https://natural-resources.canada.ca/science-data/data-analysis/natural-resources-major-projects-planned-under-construction-2024-2034
fr,8021,Horizon New Energy,Aira Solar Project,Alberta,Forty Mile County No. 8,"700,00",500 - 750,En construction,Oui,Solaire,,49.593546980098836,-110.93400418104007,,point,Natural Resources Canada,https://natural-resources.canada.ca/science-data/data-analysis/natural-resources-major-projects-planned-under-construction-2024-2034
fr,4188,Alpin Sun,Airport City Solar,Alberta,Leduc County,"169,00",100 - 250,Prévu,Oui,Solaire,,53.291085568662865,-113.5936694692827,,point,Natural Resources Canada,https://natural-resources.canada.ca/science-data/data-analysis/natural-resources-major-projects-planned-under-construction-2024-2034
fr,8022,hep Energy,Alderson Solar Power Project,Alberta,Cypress County,"150,00",100 - 250,En construction,Oui,Solaire,,50.35223699524816,-111.36066847007169,,point,Natural Resources Canada,https://natural-resources.canada.ca/science-data/data-analysis/natural-resources-major-projects-planned-under-construction-2024-2034
fr,0399,Canadian Natural Resources Limited,AOSP Jackpine,Alberta,Fort McMurray,"12 000,00",10 000 +,Prévu,Non,N/A,,57.224504531129696,-111.36769668637707,,point,Natural Resources Canada,https://natural-resources.canada.ca/science-data/data-analysis/natural-resources-major-projects-planned-under-construction-2024-2034
fr,8008,Northstar Clean Technologies,Asphalt Shingle Reprocessing Facility,Alberta,Rocky View County,"15,00",10 - 50 ,En construction,Oui,Autre,,50.99367376151539,-113.90162320322803,,point,Natural Resources Canada,https://natural-resources.canada.ca/science-data/data-analysis/natural-resources-major-projects-planned-under-construction-2024-2034
fr,8024,Skyline Clean Energy Fund,Bassano 435S DER Solar,Alberta,Newell County,"15,00",10 - 50 ,Prévu,Oui,Solaire,,50.6740259163967,-112.31131976780539,,point,Natural Resources Canada,https://natural-resources.canada.ca/science-data/data-analysis/natural-resources-major-projects-planned-under-construction-2024-2034
fr,0207,Harvest Operations Corp.,BlackGold Oil Sands Project,Alberta,Regional Municipality of Wood Buffalo (SE of Conklin),"900,00",750 - 1 000,Prévu,Non,N/A,,55.58264649024491,-110.9730248301697,,point,Natural Resources Canada,https://natural-resources.canada.ca/science-data/data-analysis/natural-resources-major-projects-planned-under-construction-2024-2034
fr,0075,IPC Canada Ltd.,Blackrod,Alberta,Regional Municipality of Wood Buffalo (RMWB) & Lac La Biche County,"2 927,00",2 500 - 5 000,En construction,Non,N/A,,55.611718192527775,-112.61193843788737,,point,Natural Resources Canada,https://natural-resources.canada.ca/science-data/data-analysis/natural-resources-major-projects-planned-under-construction-2024-2034
fr,8025,ENGIE Development Canada LP,Buffalo Trail North Wind Project,Alberta,Cypress County,"200,00",100 - 250,Prévu,Oui,Éolienne,,49.84235606340341,-110.32929810639786,,point,Natural Resources Canada,https://natural-resources.canada.ca/science-data/data-analysis/natural-resources-major-projects-planned-under-construction-2024-2034
fr,5047,Air Products,Canada Net-Zero Hydrogen Energy Complex,Alberta,Strathcona County,"4 570,00",2 500 - 5 000,En construction,Oui,Multiple,,53.58732799303856,-113.3159718726142,,point,Natural Resources Canada,https://natural-resources.canada.ca/science-data/data-analysis/natural-resources-major-projects-planned-under-construction-2024-2034
fr,4224,WindRiver Power Corp. & TC Energy,Canyon Creek Hydro Power Project (storage),Alberta,Yellowhead County,"200,00",100 - 250,Prévu,Oui,Hydro,,53.53011154187485,-117.52454425439852,,point,Natural Resources Canada,https://natural-resources.canada.ca/science-data/data-analysis/natural-resources-major-projects-planned-under-construction-2024-2034
fr,6016,Voltarix Group,Creekside Solar Project (Fortis Buford 538S DER Solar),Alberta,Leduc County,"43,00",10 - 50 ,Prévu,Oui,Solaire,,53.24715291243408,-113.82518687368807,,point,Natural Resources Canada,https://natural-resources.canada.ca/science-data/data-analysis/natural-resources-major-projects-planned-under-construction-2024-2034
fr,8007,MYTILINEOS Energy & Metals,Dolcy Solar Project,Alberta,Wainwright No. 61,"275,00",250 - 500,Prévu,Oui,Solaire,,52.68557526410013,-110.47290292641775,,point,Natural Resources Canada,https://natural-resources.canada.ca/science-data/data-analysis/natural-resources-major-projects-planned-under-construction-2024-2034
fr,7026,ENMAX Energy Corp.,Enmax Substation No. 1,Alberta,Calgary,"207,00",100 - 250,En construction,Non,N/A,,51.04532474470257,-114.08001425483637,,point,Natural Resources Canada,https://natural-resources.canada.ca/science-data/data-analysis/natural-resources-major-projects-planned-under-construction-2024-2034
fr,8001,Renewable Energy Systems Canada Inc.,Enterprise Solar Project,Alberta,Vulcan County,"175,00",100 - 250,Prévu,Oui,Solaire,,50.37388877900198,-113.35782491617891,,point,Natural Resources Canada,https://natural-resources.canada.ca/science-data/data-analysis/natural-resources-major-projects-planned-under-construction-2024-2034
fr,8010,ATCO,Forty Mile Solar Farm,Alberta,Forty Mile County No. 8,"400,00",250 - 500,Prévu,Oui,Solaire,,49.696514952160506,-111.27160428155803,,point,Natural Resources Canada,https://natural-resources.canada.ca/science-data/data-analysis/natural-resources-major-projects-planned-under-construction-2024-2034
fr,7035,Green Impact Partners (In partnership with Carbon Clean Energy and PCL Construction),Future Energy Park Renewable Natural Gas and Ethanol Project,Alberta,Calgary,"1 500,00",1 000 - 2 500,Prévu,Oui,Bioénergie,,51.010139761953205,-113.91401420907387,,point,Natural Resources Canada,https://natural-resources.canada.ca/science-data/data-analysis/natural-resources-major-projects-planned-under-construction-2024-2034
fr,6026,TransAlta Corporation,Ghost River WaterCharger Battery Energy Storage,Alberta,Rocky View County,"208,40",100 - 250,Prévu,Oui,Stockage d'énergie,,51.21778868494428,-114.70461843700394,,point,Natural Resources Canada,https://natural-resources.canada.ca/science-data/data-analysis/natural-resources-major-projects-planned-under-construction-2024-2034
fr,6028,Entropy Inc.,Glacier Gas Plant CCS,Alberta,Saddle Hills County,"127,00",100 - 250,En construction,Oui,Capture et stockage du carbone,,55.559547296971765,-119.60377693245539,,point,Natural Resources Canada,https://natural-resources.canada.ca/science-data/data-analysis/natural-resources-major-projects-planned-under-construction-2024-2034
fr,8013,Kineticor Resource Corp.,Greenlight Electricity Centre,Alberta,Sturgeon County,"4 500,00",2 500 - 5 000,Prévu,Non,N/A,,53.828815024705335,-113.17863492462718,,point,Natural Resources Canada,https://natural-resources.canada.ca/science-data/data-analysis/natural-resources-major-projects-planned-under-construction-2024-2034
fr,4198,Climate Transition Development Corporation,Greenview Geothermal Power Plant (Alberta No. 1),Alberta,Greenview No. 16,"106,00",100 - 250,Prévu,Oui,Géothermique,,54.84183341959331,-117.6498575653256,,point,Natural Resources Canada,https://natural-resources.canada.ca/science-data/data-analysis/natural-resources-major-projects-planned-under-construction-2024-2034
fr,0089,Canadian Natural Resources Limited,Grouse,Alberta,Hudson Hope,"1 500,00",1 000 - 2 500,Prévu,Non,N/A,,55.466299088800085,-111.75578167788436,,point,Natural Resources Canada,https://natural-resources.canada.ca/science-data/data-analysis/natural-resources-major-projects-planned-under-construction-2024-2034
fr,8017,Gibson Energy & Varme Energy JV,Heartland Waste to Power Project,Alberta,Strathcona County,"300,00",250 - 500,Prévu,Oui,Capture et stockage du carbone,,53.775940037341286,-113.04027587325821,,point,Natural Resources Canada,https://natural-resources.canada.ca/science-data/data-analysis/natural-resources-major-projects-planned-under-construction-2024-2034
fr,7040,Heidelberg Materials,Heidelberg Materials Carbon Capture Utilization and Storage Hub,Alberta,Edmonton,"1 360,00",1 000 - 2 500,Prévu,Oui,Capture et stockage du carbone,,53.57980695822925,-113.60601493535256,,point,Natural Resources Canada,https://natural-resources.canada.ca/science-data/data-analysis/natural-resources-major-projects-planned-under-construction-2024-2034
fr,7042,Kiwetinohk Energy Corp,Homestead Solar Project,Alberta,Willow Creek No. 26,"600,00",500 - 750,Prévu,Oui,Solaire,,49.98142074177492,-113.44601383107721,,point,Natural Resources Canada,https://natural-resources.canada.ca/science-data/data-analysis/natural-resources-major-projects-planned-under-construction-2024-2034
fr,8037,Varme Energy,Innisfail Waste to Energy Project,Alberta,Innisfail,"200,00",100 - 250,Prévu,Oui,Bioénergie,,52.01528981949161,-113.97490751757867,,point,Natural Resources Canada,https://natural-resources.canada.ca/science-data/data-analysis/natural-resources-major-projects-planned-under-construction-2024-2034
fr,0841,Canadian Natural Resources Limited,Jackfish,Alberta,Regional Municipality of Wood Buffalo (SE of Conklin),"750,00",750 - 1 000,Prévu,Non,N/A,,55.527907399695295,-110.87381498492836,,point,Natural Resources Canada,https://natural-resources.canada.ca/science-data/data-analysis/natural-resources-major-projects-planned-under-construction-2024-2034
fr,7047,Northland Power,Jurassic Solar and Battery Storage,Alberta,Cypress County,"500,00",500 - 750,En construction,Oui,Solaire,,50.66321104513456,-111.11601349770832,,point,Natural Resources Canada,https://natural-resources.canada.ca/science-data/data-analysis/natural-resources-major-projects-planned-under-construction-2024-2034
fr,6036,Imperial Oil,Kearl Oil Sand In-Pit Tailings Project,Alberta,Wood Buffalo,"750,00",750 - 1 000,En construction,Non,N/A,,57.41143546491772,-111.16349881604737,,point,Natural Resources Canada,https://natural-resources.canada.ca/science-data/data-analysis/natural-resources-major-projects-planned-under-construction-2024-2034
fr,0422,Suncor Energy Inc.,Lewis,Alberta,Regional Municipality of Wood Buffalo,"6 200,00",5 000 - 10 000,Prévu,Non,N/A,,56.94062750751476,-111.0483611526399,,point,Natural Resources Canada,https://natural-resources.canada.ca/science-data/data-analysis/natural-resources-major-projects-planned-under-construction-2024-2034
fr,7057,Northland Power Luna I GP Inc,Luna Solar+ Project,Alberta,Newell County,"700,00",500 - 750,Prévu,Oui,Solaire,,50.60377491848504,-112.23601373213037,,point,Natural Resources Canada,https://natural-resources.canada.ca/science-data/data-analysis/natural-resources-major-projects-planned-under-construction-2024-2034
fr,8004,Federation Group,Marguerite Lake Compressed Air Energy Storage,Alberta,Bonnyville No. 87,"500,00",500 - 750,Prévu,Oui,Stockage d'énergie,,54.58571435205573,-110.80400462793247,,point,Natural Resources Canada,https://natural-resources.canada.ca/science-data/data-analysis/natural-resources-major-projects-planned-under-construction-2024-2034
fr,6062,Voltarix Group,Moon Lake Solar Project,Alberta,Parkland County,"43,00",10 - 50 ,En construction,Oui,Solaire,,53.42250078412357,-114.99053218644902,,point,Natural Resources Canada,https://natural-resources.canada.ca/science-data/data-analysis/natural-resources-major-projects-planned-under-construction-2024-2034
fr,8042,Canadian Natural Resources Ltd. (CNRL),Naphtha Recovery Unit Tailings Treatment Project,Alberta,Wood Buffalo,"350,00",250 - 500,En construction,Non,N/A,,57.34739237729774,-111.84100795950293,,point,Natural Resources Canada,https://natural-resources.canada.ca/science-data/data-analysis/natural-resources-major-projects-planned-under-construction-2024-2034
fr,8029,Renewable Energy Systems Canada Inc.,Nova Solar Project,Alberta,Wheatland County,"225,00",100 - 250,Prévu,Oui,Bioénergie,,50.84036279377887,-113.52506107992372,,point,Natural Resources Canada,https://natural-resources.canada.ca/science-data/data-analysis/natural-resources-major-projects-planned-under-construction-2024-2034
fr,7069,The Pathways Alliance,Pathways Alliance Carbon Capture Storage Hub (Phase 1),Alberta,Improvement District No. 349|Wood Buffalo|Lac la Biche County|Improvement District No. 24 Wood Buffalo|Bonnyville No. 87,"16 500,00",10 000 +,Prévu,Oui,Capture et stockage du carbone,,58.15284035767626,-112.28501642926246,,point,Natural Resources Canada,https://natural-resources.canada.ca/science-data/data-analysis/natural-resources-major-projects-planned-under-construction-2024-2034
fr,8009,Peace Energy Cooperative,Peace River Energy Project,Alberta,Peace River,"11,00",10 - 50 ,En construction,Oui,Solaire,,56.24325961802046,-117.35159675881134,,point,Natural Resources Canada,https://natural-resources.canada.ca/science-data/data-analysis/natural-resources-major-projects-planned-under-construction-2024-2034
fr,8043,EDF EN Canada,Pe-Na-Koyim Wind Project,Alberta,Blood 148,"425,00",250 - 500,Prévu,Oui,Éolienne,,49.44702573738304,-113.12142762346306,,point,Natural Resources Canada,https://natural-resources.canada.ca/science-data/data-analysis/natural-resources-major-projects-planned-under-construction-2024-2034
fr,4126,Devon Energy Corporation/ BP JV,Pike,Alberta,Regional Municipality of Wood Buffalo,"1 900,00",1 000 - 2 500,Prévu,Non,N/A,,55.59941238878263,-110.99578104140443,,point,Natural Resources Canada,https://natural-resources.canada.ca/science-data/data-analysis/natural-resources-major-projects-planned-under-construction-2024-2034
fr,0140,Canadian Natural Resources Limited,Pike (Formely Kirby),Alberta,Lac la Biche County,"7 700,00",5 000 - 10 000,En construction,Non,N/A,,55.448226400882255,-110.82403594354774,,point,Natural Resources Canada,https://natural-resources.canada.ca/science-data/data-analysis/natural-resources-major-projects-planned-under-construction-2024-2034
fr,6083,Voltarix Group,Rocktree Solar Project (Fortis Stony Plain 434S DER Solar),Alberta,Parkland County,"40,00",10 - 50 ,Prévu,Oui,Solaire,,53.515094918936676,-113.91209598176626,,point,Natural Resources Canada,https://natural-resources.canada.ca/science-data/data-analysis/natural-resources-major-projects-planned-under-construction-2024-2034
fr,6084,City of Medicine Hat,Saamis Solar Farm,Alberta,Medicine Hat,"120,00",100 - 250,Prévu,Oui,Solaire,,50.07068104136028,-110.70735324998958,,point,Natural Resources Canada,https://natural-resources.canada.ca/science-data/data-analysis/natural-resources-major-projects-planned-under-construction-2024-2034
fr,0684,Strathcona Resources (formerly Osum Oil Sands Corp.),Sepiko Kesik Project,Alberta,Municipal District of Opportunity,"3 200,00",2 500 - 5 000,Prévu,Non,N/A,,56.689006357656304,-113.13101269811,,point,Natural Resources Canada,https://natural-resources.canada.ca/science-data/data-analysis/natural-resources-major-projects-planned-under-construction-2024-2034
fr,6088,Expander Energy,Slave Lake Bio-Mass/Gas to Liquids Plant,Alberta,Lesser Slave River No.124,"35,00",10 - 50 ,En construction,Oui,Bioénergie,,55.26504493081816,-114.57518575876578,,point,Natural Resources Canada,https://natural-resources.canada.ca/science-data/data-analysis/natural-resources-major-projects-planned-under-construction-2024-2034
fr,7081,ABO Wind Canada Ltd.,Stettler Solar and Battery Storage Project,Alberta,Stettler County No. 6,"160,00",100 - 250,Prévu,Oui,Solaire,,52.29043997702485,-112.75601433198032,,point,Natural Resources Canada,https://natural-resources.canada.ca/science-data/data-analysis/natural-resources-major-projects-planned-under-construction-2024-2034
fr,6090,Imperial Oil Ltd.,Strathcona Refinery Renewable Diesel Expansion,Alberta,Strathcona County,"720,00",500 - 750,En construction,Oui,Bioénergie,,53.546099982986796,-113.38417287374237,,point,Natural Resources Canada,https://natural-resources.canada.ca/science-data/data-analysis/natural-resources-major-projects-planned-under-construction-2024-2034
fr,8006,METLEN Energy & Metals,Sunnynook Solar Project,Alberta,Special Area No. 2,"385,00",250 - 500,En construction,Oui,Solaire,,51.325488045728534,-111.55785977985856,,point,Natural Resources Canada,https://natural-resources.canada.ca/science-data/data-analysis/natural-resources-major-projects-planned-under-construction-2024-2034
fr,0858,ConocoPhillips Canada,Surmont,Alberta,Regional Municipality of Wood Buffalo,"6 000,00",5 000 - 10 000,Prévu,Non,N/A,,56.193607428181664,-110.950615259331,,point,Natural Resources Canada,https://natural-resources.canada.ca/science-data/data-analysis/natural-resources-major-projects-planned-under-construction-2024-2034
fr,0105,Suncor Energy Inc.,Syncrude (Mildred Lake Extension),Alberta,Regional Municipality of Wood Buffalo (RMWB),"3 300,00",2 500 - 5 000,En construction,Non,N/A,,55.639007409698884,-110.84681502112532,,point,Natural Resources Canada,https://natural-resources.canada.ca/science-data/data-analysis/natural-resources-major-projects-planned-under-construction-2024-2034
fr,0850,Syncrude Canada Ltd.,Syncrude Mildred Lake Extension,Alberta,Mildred Lake,"3 300,00",2 500 - 5 000,En construction,Non,N/A,,57.04521839482405,-111.58510376639647,,point,Natural Resources Canada,https://natural-resources.canada.ca/science-data/data-analysis/natural-resources-major-projects-planned-under-construction-2024-2034
fr,5038,TransAlta Renewables,Tempest Wind Power Project,Alberta,Flagstaff County,"105,00",100 - 250,Prévu,Oui,Éolienne,,52.55555110940332,-111.76417718776113,,point,Natural Resources Canada,https://natural-resources.canada.ca/science-data/data-analysis/natural-resources-major-projects-planned-under-construction-2024-2034
fr,0607,Value Creation Inc.,TriStar Advanced (In Situ + Upgrader),Alberta,Regional Municipality of Wood Buffalo (RMWB),"2 000,00",1 000 - 2 500,Prévu,Non,N/A,,56.736821431867355,-111.15659353076784,,point,Natural Resources Canada,https://natural-resources.canada.ca/science-data/data-analysis/natural-resources-major-projects-planned-under-construction-2024-2034
fr,4057,EDF Renewables Canada,Vulcan Solar Project,Alberta,Vulcan County,"155,00",100 - 250,Prévu,Oui,Solaire,,50.40378979208051,-113.25314690001144,,point,Natural Resources Canada,https://natural-resources.canada.ca/science-data/data-analysis/natural-resources-major-projects-planned-under-construction-2024-2034
fr,9012,O'Leary Ventures,Wonder Valley AI Data Centre Park (Phase 1),Alberta,Greenview No. 16,"16 620,00",10 000 +,Prévu,Non,N/A,,54.811932389186026,-118.68336645342089,,point,Natural Resources Canada,https://natural-resources.canada.ca/science-data/data-analysis/natural-resources-major-projects-planned-under-construction-2024-2034
fr,8047,Ulkatcho Energy Corporation,Anahim Lake Solar Project,Colombie-Britanique,Anahim Lake,"30,00",10 - 50 ,En construction,Oui,Solaire,,52.46187545796873,-125.30183675686074,,point,Natural Resources Canada,https://natural-resources.canada.ca/science-data/data-analysis/natural-resources-major-projects-planned-under-construction-2024-2034
fr,5018,Tlingit Homeland Energy Limited Partnership (THELP),Atlin Hydro Expansion project,Colombie-Britanique,Atlin,"315,00",250 - 500,Prévu,Oui,Hydro,,59.582978309458504,-133.64456514110927,,point,Natural Resources Canada,https://natural-resources.canada.ca/science-data/data-analysis/natural-resources-major-projects-planned-under-construction-2024-2034
fr,4104,Canfor Corporation/Licella,Biofuel Facility,Colombie-Britanique,Prince George,"70,00",50 - 100,Prévu,Oui,Bioénergie,,53.92241583182545,-122.74572286801184,,point,Natural Resources Canada,https://natural-resources.canada.ca/science-data/data-analysis/natural-resources-major-projects-planned-under-construction-2024-2034
fr,2122,Yun Ka Whu'ten Holdings,Biomass Project - Anahim Lake,Colombie-Britanique,"Cariboo, Anahim Lake","15,00",10 - 50 ,Prévu,Oui,Bioénergie,,52.46535345624128,-125.31755776109446,,point,Natural Resources Canada,https://natural-resources.canada.ca/science-data/data-analysis/natural-resources-major-projects-planned-under-construction-2024-2034
fr,0938,Cedar LNG  (partnership between Pembina Pipeline Corporation and Haisla Nation),Cedar LNG,Colombie-Britanique,Kitimat,"4 000,00",2 500 - 5 000,Prévu,Non,N/A,,53.9254160368947,-128.72793278374058,,point,Natural Resources Canada,https://natural-resources.canada.ca/science-data/data-analysis/natural-resources-major-projects-planned-under-construction-2024-2034
fr,4081,BC Hydro,Cheakamus Recoat Units 1 & 2 Penstock Project,Colombie-Britanique,Squamish,"35,00",10 - 50 ,En construction,Oui,Hydro,,49.702858623121855,-123.15902656864714,,point,Natural Resources Canada,https://natural-resources.canada.ca/science-data/data-analysis/natural-resources-major-projects-planned-under-construction-2024-2034
fr,0970,Creative Energy Vancouver Platforms Inc.,Creative Energy Plant,Colombie-Britanique,Vancouver,"100,00",100 - 250,En construction,Oui,Bioénergie,,49.27818960970724,-123.11245344429159,,point,Natural Resources Canada,https://natural-resources.canada.ca/science-data/data-analysis/natural-resources-major-projects-planned-under-construction-2024-2034
fr,4106,BC Hydro,Downtown Vancouver Electricity Supply - West End Strategic Property Purchase,Colombie-Britanique,Vancouver,"81,00",50 - 100,En construction,Non,N/A,,49.274225608574376,-123.12562044560613,,point,Natural Resources Canada,https://natural-resources.canada.ca/science-data/data-analysis/natural-resources-major-projects-planned-under-construction-2024-2034
fr,0188,Fosthall Creek Power LP,Fosthall Creek Hydropower Project,Colombie-Britanique,Nakusp,"50,00",50 - 100,Prévu,Oui,Hydro,,50.241338271704784,-117.80108978074341,,point,Natural Resources Canada,https://natural-resources.canada.ca/science-data/data-analysis/natural-resources-major-projects-planned-under-construction-2024-2034
fr,0965,BC Hydro,G.M. Shrum Units 1 to 10 Control Systems Upgrade Project,Colombie-Britanique,Hudson Hope,"75,00",50 - 100,En construction,Non,N/A,,56.01667596272236,-122.2027623146087,,point,Natural Resources Canada,https://natural-resources.canada.ca/science-data/data-analysis/natural-resources-major-projects-planned-under-construction-2024-2034
fr,0010,Aeolis / Boralex,Hackney Hills Wind Park,Colombie-Britanique,Fort St. John,"400,00",250 - 500,Prévu,Oui,Éolienne,,56.24926915303787,-120.84756646255396,,point,Natural Resources Canada,https://natural-resources.canada.ca/science-data/data-analysis/natural-resources-major-projects-planned-under-construction-2024-2034
fr,0208,Hawkeye Energy Corp.,Hawkeye Green Energy Grid Project,Colombie-Britanique,Powell River,"450,00",250 - 500,Prévu,Oui,Hydro,,49.83605046771149,-124.52480981895786,,point,Natural Resources Canada,https://natural-resources.canada.ca/science-data/data-analysis/natural-resources-major-projects-planned-under-construction-2024-2034
fr,0980,Kruger Energy Inc.,Isle Pierre Wind Farm,Colombie-Britanique,Prince George,"400,00",250 - 500,Prévu,Oui,Éolienne,,53.912783744705926,-123.40390597474111,,point,Natural Resources Canada,https://natural-resources.canada.ca/science-data/data-analysis/natural-resources-major-projects-planned-under-construction-2024-2034
fr,4116,Alcan Aluminum Ltd. and the Province of BC,Kenney Dam Cold Water Release Facility,Colombie-Britanique,Vanderhoof,"275,00",250 - 500,Prévu,Non,N/A,,53.566672534048,-124.95001709775694,,point,Natural Resources Canada,https://natural-resources.canada.ca/science-data/data-analysis/natural-resources-major-projects-planned-under-construction-2024-2034
fr,0165,WindRiver Power Corp.,Kinskuch Hydroelectric Project,Colombie-Britanique,Iskut,"300,00",250 - 500,Prévu,Oui,Hydro,,57.85717888202591,-129.97926772233177,,point,Natural Resources Canada,https://natural-resources.canada.ca/science-data/data-analysis/natural-resources-major-projects-planned-under-construction-2024-2034
fr,1037,"Nisga'a Nation, Western LNG, Rockies LNG Partners",Ksi Lisims LNG,Colombie-Britanique,Nasoga Gulf,"10 000,00",10 000 +,Prévu,Non,N/A,,54.9015738613368,-130.0726223522332,,point,Natural Resources Canada,https://natural-resources.canada.ca/science-data/data-analysis/natural-resources-major-projects-planned-under-construction-2024-2034
fr,0974,Enbridge/ Borealis Inc./ Kitselas First Nation,Lakelse Geothermal Power Plant,Colombie-Britanique,Terrace,"120,00",100 - 250,Prévu,Oui,Bioénergie,,54.44564506940774,-128.5403179643181,,point,Natural Resources Canada,https://natural-resources.canada.ca/science-data/data-analysis/natural-resources-major-projects-planned-under-construction-2024-2034
fr,4108,BCHydro,LNG Canada Load Interconnection Project,Colombie-Britanique,Kitimat,"82,00",50 - 100,En construction,Non,N/A,,54.06154105091425,-128.63390482274906,,point,Natural Resources Canada,https://natural-resources.canada.ca/science-data/data-analysis/natural-resources-major-projects-planned-under-construction-2024-2034
fr,6046,"LNG Canada (Shell Canada Limited, PETRONAS, Korea Gas Corporation (KOGAS), Mitsubishi Corporation, and PetroChina Company Limited)",LNG Canada Phase 2,Colombie-Britanique,Kitimat,"25 000,00",10 000 +,Prévu,Non,N/A,,54.08195605054043,-128.63807583162247,,point,Natural Resources Canada,https://natural-resources.canada.ca/science-data/data-analysis/natural-resources-major-projects-planned-under-construction-2024-2034
fr,0764,Highwater Power Corporation Altagas Ltd.,Log Creek Water Power  Project,Colombie-Britanique,Boston Bar,"20,00",10 - 50 ,Prévu,Oui,Hydro,,49.9389418236295,-121.54588336902086,,point,Natural Resources Canada,https://natural-resources.canada.ca/science-data/data-analysis/natural-resources-major-projects-planned-under-construction-2024-2034
fr,0027,Syntaris Power Corp.,Lower Wood River Hydropower Project,Colombie-Britanique,Mica,"144,00",100 - 250,Prévu,Oui,Hydro,,52.00866727854351,-118.56378144940811,,point,Natural Resources Canada,https://natural-resources.canada.ca/science-data/data-analysis/natural-resources-major-projects-planned-under-construction-2024-2034
fr,9069,Meager Creek Development Corporation (https://meagercreek.ca/),Meager Creek Geothermal Project,Colombie-Britanique,Whistler,"100,00",100 - 250,Prévu,Oui,Géothermique,,50.57870562402451,-123.45882586761996,,point,Natural Resources Canada,https://natural-resources.canada.ca/science-data/data-analysis/natural-resources-major-projects-planned-under-construction-2024-2034
fr,4079,BC Hydro,Mica 600V Circuit Breaker Upgrades Project,Colombie-Britanique,Revelstoke,"32,00",10 - 50 ,En construction,Oui,Hydro,,51.049743272838825,-118.19468608791263,,point,Natural Resources Canada,https://natural-resources.canada.ca/science-data/data-analysis/natural-resources-major-projects-planned-under-construction-2024-2034
fr,4093,BC Hydro,Mica Modernize Controls (Digital) Project,Colombie-Britanique,Revelstoke,"56,00",50 - 100,En construction,Oui,Hydro,,51.001448269397514,-118.19375507247065,,point,Natural Resources Canada,https://natural-resources.canada.ca/science-data/data-analysis/natural-resources-major-projects-planned-under-construction-2024-2034
fr,9077,"Ecoener Energie Canada Inc. (Ecoener, Lheidli T'enneh)",Nilhts'i Ecoener Project ,Colombie-Britanique,Hixon,"425,00",250 - 500,Prévu,Oui,Éolienne,,53.430879068945806,-122.33631121760547,,point,Natural Resources Canada,https://natural-resources.canada.ca/science-data/data-analysis/natural-resources-major-projects-planned-under-construction-2024-2034
fr,0067,BC Hydro,Peace River Site C Hydro-electric project,Colombie-Britanique,Fort St. John,"16 000,00",10 000 +,En construction,Oui,Hydro,,56.250795152938124,-120.8483104651631,,point,Natural Resources Canada,https://natural-resources.canada.ca/science-data/data-analysis/natural-resources-major-projects-planned-under-construction-2024-2034
fr,0707,Port Alberni Harbour Authority,Port Alberni LNG Export Facility,Colombie-Britanique,Port Alberni,"1 600,00",1 000 - 2 500,Prévu,Non,N/A,,49.23001940949698,-124.81107569248316,,point,Natural Resources Canada,https://natural-resources.canada.ca/science-data/data-analysis/natural-resources-major-projects-planned-under-construction-2024-2034
fr,0983,Red Willow Wind LP,Red Willow Wind Farm,Colombie-Britanique,Tumbler Ridge,"480,00",250 - 500,Prévu,Oui,Éolienne,,54.80866917107059,-120.37502777981982,,point,Natural Resources Canada,https://natural-resources.canada.ca/science-data/data-analysis/natural-resources-major-projects-planned-under-construction-2024-2034
fr,4119,AltaGas / Vopak Development Canada Inc.,Ridley Island Energy Export Facility (REEF),Colombie-Britanique,Prince Rupert,"750,00",750 - 1 000,Prévu,Non,N/A,,54.31419282379263,-130.32220114276933,,point,Natural Resources Canada,https://natural-resources.canada.ca/science-data/data-analysis/natural-resources-major-projects-planned-under-construction-2024-2034
fr,0545,Holmes Hydro,Robson Valley Hydroelectric Project,Colombie-Britanique,McBride,"200,00",100 - 250,Prévu,Oui,Hydro,,53.34686518237983,-119.84065113668431,,point,Natural Resources Canada,https://natural-resources.canada.ca/science-data/data-analysis/natural-resources-major-projects-planned-under-construction-2024-2034
fr,0692,EDF Renouvelables,Taylor Wind Project,Colombie-Britanique,Taylor,"600,00",500 - 750,Prévu,Oui,Éolienne,,55.99995315826963,-120.76406333996326,,point,Natural Resources Canada,https://natural-resources.canada.ca/science-data/data-analysis/natural-resources-major-projects-planned-under-construction-2024-2034
fr,5060,Fortis,Tilbury LNG Phase 1B,Colombie-Britanique,Delta,"60,00",50 - 100,Prévu,Non,N/A,,49.141803214496605,-123.02352039431199,,point,Natural Resources Canada,https://natural-resources.canada.ca/science-data/data-analysis/natural-resources-major-projects-planned-under-construction-2024-2034
fr,0943,Tilbury Jetty LP,Tilbury Marine Jetty,Colombie-Britanique,Delta,"175,00",100 - 250,Prévu,Non,N/A,,49.141803214496605,-123.02352039431199,,point,Natural Resources Canada,https://natural-resources.canada.ca/science-data/data-analysis/natural-resources-major-projects-planned-under-construction-2024-2034
fr,4170,Fortis BC,Tilbury Phase 2 LNG expansion project,Colombie-Britanique,Delta,"3 000,00",2 500 - 5 000,Prévu,Non,N/A,,49.14240561290611,-123.03421539525135,,point,Natural Resources Canada,https://natural-resources.canada.ca/science-data/data-analysis/natural-resources-major-projects-planned-under-construction-2024-2034
fr,5010,Deh Tai GP Ltd,Tu Deh Kah Geothermal Development,Colombie-Britanique,Fort Nelson,"100,00",100 - 250,Prévu,Oui,Bioénergie,,58.772043036142314,-122.66014132981157,,point,Natural Resources Canada,https://natural-resources.canada.ca/science-data/data-analysis/natural-resources-major-projects-planned-under-construction-2024-2034
fr,2025,Synex Energy Resources Ltd.,Victoria Lake Hydro Project,Colombie-Britanique,"Vancouver Island/Coast, Port Alice","18,00",10 - 50 ,Prévu,Oui,Hydro,,50.43487012859043,-127.48676841941774,,point,Natural Resources Canada,https://natural-resources.canada.ca/science-data/data-analysis/natural-resources-major-projects-planned-under-construction-2024-2034
fr,0652,Woodfibre LNG,Woodfibre LNG project,Colombie-Britanique,Squamish,"6 880,00",5 000 - 10 000,En construction,Non,N/A,,49.66667261106278,-123.2527935730007,,point,Natural Resources Canada,https://natural-resources.canada.ca/science-data/data-analysis/natural-resources-major-projects-planned-under-construction-2024-2034
fr,2020,PEI Energy Corporation,PEIEC Wind Farm #5,Île-du-Prince-Édouard,Eastern Kings,"80,00",50 - 100,En construction,Oui,Éolienne,,46.433855637314906,-62.0998197500688,,point,Natural Resources Canada,https://natural-resources.canada.ca/science-data/data-analysis/natural-resources-major-projects-planned-under-construction-2024-2034
fr,7079,Invenergy,Skinners Pond Wind Energy Centre,Île-du-Prince-Édouard,Sherbrooke; Tignish,"85,00",50 - 100,Prévu,Oui,Éolienne,,46.42192268375068,-63.77014007164625,,point,Natural Resources Canada,https://natural-resources.canada.ca/science-data/data-analysis/natural-resources-major-projects-planned-under-construction-2024-2034
fr,8329,Manitoba Hydro,Dauphin Vermillion 230kV Stn Capacity In,Manitoba,Dauphin,"21,90",10 - 50 ,En construction,Oui,Hydro,,51.149008208168205,-100.04901080101858,,point,Natural Resources Canada,https://natural-resources.canada.ca/science-data/data-analysis/natural-resources-major-projects-planned-under-construction-2024-2034
fr,6045,Manitoba Hydro,Limestone Units 1-3 & 5-10 Stator Re-Wedge,Manitoba,Nelson River,"38,60",10 - 50 ,En construction,Oui,Hydro,,56.50690927832008,-94.10691042372036,,point,Natural Resources Canada,https://natural-resources.canada.ca/science-data/data-analysis/natural-resources-major-projects-planned-under-construction-2024-2034
fr,6047,Manitoba Hydro,Long Spruce Generator Protection Replacement,Manitoba,Nelson River,"22,00",10 - 50 ,En construction,Oui,Hydro,,56.39790924556829,-94.36921047473238,,point,Natural Resources Canada,https://natural-resources.canada.ca/science-data/data-analysis/natural-resources-major-projects-planned-under-construction-2024-2034
fr,7073,Manitoba Hydro,Pointe du Bois Renewable Energy Project,Manitoba,Wpg River,"308,40",250 - 500,En construction,Oui,Hydro,,50.30000851434925,-95.55000931596169,,point,Natural Resources Canada,https://natural-resources.canada.ca/science-data/data-analysis/natural-resources-major-projects-planned-under-construction-2024-2034
fr,4201,Manitoba Hydro,Portage Area Capacity Enhancements,Manitoba,Portage la Prarie Area,"84,90",50 - 100,En construction,Oui,Hydro,,49.97230824054932,-98.29031004119356,,point,Natural Resources Canada,https://natural-resources.canada.ca/science-data/data-analysis/natural-resources-major-projects-planned-under-construction-2024-2034
fr,8328,Manitoba Hydro,Slave Falls 7 Bay Sluiceway Concrete Res,Manitoba,Wpg River,"84,30",50 - 100,En construction,Oui,Hydro,,50.22200850338435,-95.56800930504849,,point,Natural Resources Canada,https://natural-resources.canada.ca/science-data/data-analysis/natural-resources-major-projects-planned-under-construction-2024-2034
fr,0298,NB Power and Partners,Smart Grid Investments Phase,Nouveau-Brunswick,Various locations across NB  (St. John),"147,00",100 - 250,En construction,Oui,Hydro,,45.275189351486695,-66.06856207473336,,point,Natural Resources Canada,https://natural-resources.canada.ca/science-data/data-analysis/natural-resources-major-projects-planned-under-construction-2024-2034
fr,8100,Natural Forces and WMA,Benjamin Mills Wind Project,Nouvelle-Écosse,"Dalmouth, Nova Scotia","68,00",50 - 100,En construction,Oui,Éolienne,,44.92060532934184,-64.24824743366972,,point,Natural Resources Canada,https://natural-resources.canada.ca/science-data/data-analysis/natural-resources-major-projects-planned-under-construction-2024-2034
fr,4220,Port Hawkesbury Paper,Goose Harbour Lake Wind Farm (formerly Pirate Harbour),Nouvelle-Écosse,Point Tupper,"450,00",250 - 500,En construction,Oui,Éolienne,,45.60570360575094,-61.37092407029237,,point,Natural Resources Canada,https://natural-resources.canada.ca/science-data/data-analysis/natural-resources-major-projects-planned-under-construction-2024-2034
fr,8101,Elemental and Sipekne'katik,Higgins Mountain Wind Farm,Nouvelle-Écosse,"Wentworth, NS","250,00",250 - 500,En construction,Oui,Éolienne,,45.55120445602968,-63.60783123985326,,point,Natural Resources Canada,https://natural-resources.canada.ca/science-data/data-analysis/natural-resources-major-projects-planned-under-construction-2024-2034
fr,4204,Jupiter Hydro,In-Stream Tidal Demonstration Project,Nouvelle-Écosse,Bay of Fundy,"23,30",10 - 50 ,Prévu,Oui,Marémotrice,,45.357413405075945,-64.40966550695899,,point,Natural Resources Canada,https://natural-resources.canada.ca/science-data/data-analysis/natural-resources-major-projects-planned-under-construction-2024-2034
fr,4154,Sustane Technologies,Sustane Chester,Nouvelle-Écosse,"Chester, NS","16,00",10 - 50 ,En construction,Oui,Bioénergie,,44.71885929532686,-64.23958942328696,,point,Natural Resources Canada,https://natural-resources.canada.ca/science-data/data-analysis/natural-resources-major-projects-planned-under-construction-2024-2034
fr,4205,Nova Innovation,The Nova Tidal Array (Petit Passage),Nouvelle-Écosse,Petit Passage,"22,00",10 - 50 ,En construction,Oui,Marémotrice,,44.3923451902667,-66.20675907830483,,point,Natural Resources Canada,https://natural-resources.canada.ca/science-data/data-analysis/natural-resources-major-projects-planned-under-construction-2024-2034
fr,8098,SWEB and Glooscap First Nation,Weavers Mountain Wind Farm,Nouvelle-Écosse,"Beaver Meadow, NS","225,00",100 - 250,En construction,Oui,Éolienne,,45.52644247857685,-62.17849274444202,,point,Natural Resources Canada,https://natural-resources.canada.ca/science-data/data-analysis/natural-resources-major-projects-planned-under-construction-2024-2034
fr,8116,Wahgoshig Solar FIT5 LP,Almonte BESS 2,Ontario,Mississippi Mills,"29,00",10 - 50 ,En construction,Oui,Stockage d'énergie,,45.19775099665911,-76.17348847476067,,point,Natural Resources Canada,https://natural-resources.canada.ca/science-data/data-analysis/natural-resources-major-projects-planned-under-construction-2024-2034
fr,0654,Bruce Power,Bruce Nuclear Refurbishment,Ontario,Tiverton,"13 000,00",10 000 +,En construction,Oui,Nucléaire,,44.32730859487263,-81.58610414476549,,point,Natural Resources Canada,https://natural-resources.canada.ca/science-data/data-analysis/natural-resources-major-projects-planned-under-construction-2024-2034
fr,0333,Ontario Power Generation,Darlington Refurbishment Project,Ontario,Clarington,"12 800,00",10 000 +,En construction,Oui,Nucléaire,,43.86987765370181,-78.71949018864062,,point,Natural Resources Canada,https://natural-resources.canada.ca/science-data/data-analysis/natural-resources-major-projects-planned-under-construction-2024-2034
fr,8119,Brookfield Renewable Power Inc. Evolugen,Fitzroy South March BESS,Ontario,Ottawa,"650,00",500 - 750,Prévu,Oui,Stockage d'énergie,,45.44589903736743,-76.21521251147493,,point,Natural Resources Canada,https://natural-resources.canada.ca/science-data/data-analysis/natural-resources-major-projects-planned-under-construction-2024-2034
fr,9155,Capital Power Corporation,Goreway BESS,Ontario,Brampton,"161,00",100 - 250,Prévu,Oui,Stockage d'énergie,,43.74641338974536,-79.67939073370556,,point,Natural Resources Canada,https://natural-resources.canada.ca/science-data/data-analysis/natural-resources-major-projects-planned-under-construction-2024-2034
fr,8109,Hagersville Battery Storage Inc. (Boralex Inc.),Hagersville Battery Energy Storage Park,Ontario,Hagersville,"538,00",500 - 750,Prévu,Oui,Stockage d'énergie,,42.930008422745985,-80.12000355542577,,point,Natural Resources Canada,https://natural-resources.canada.ca/science-data/data-analysis/natural-resources-major-projects-planned-under-construction-2024-2034
fr,0644,Ontario Power Generation,New Nuclear Power Plant - Darlington Small Modular Reactor Project,Ontario,Darlington,"20 900,00",10 000 +,En construction,Oui,Nucléaire,,43.872692654798904,-78.70653018556989,,point,Natural Resources Canada,https://natural-resources.canada.ca/science-data/data-analysis/natural-resources-major-projects-planned-under-construction-2024-2034
fr,8128,Ontario Power Generation,Pickering Refubrishment Project,Ontario,Pickering,"6 200,00",5 000 - 10 000,Prévu,Oui,Nucléaire,,43.80990862687256,-79.06620329514541,,point,Natural Resources Canada,https://natural-resources.canada.ca/science-data/data-analysis/natural-resources-major-projects-planned-under-construction-2024-2034
fr,8108,Ontario Power Generation,R.H. Saunders Refurbishment,Ontario,Cornwall,"600,00",500 - 750,Prévu,Oui,Hydro,,45.00962902123348,-74.78765200244551,,point,Natural Resources Canada,https://natural-resources.canada.ca/science-data/data-analysis/natural-resources-major-projects-planned-under-construction-2024-2034
fr,4148,Ontario Power Generation,Ranney Falls Expansion,Ontario,Campbellford,"77,00",50 - 100,En construction,Non,N/A,,44.291789769462085,-77.8011840315436,,point,Natural Resources Canada,https://natural-resources.canada.ca/science-data/data-analysis/natural-resources-major-projects-planned-under-construction-2024-2034
fr,5067,Ontario Power Generation,Redevelopment of Coniston station,Ontario,Sudbury,"85,00",50 - 100,Prévu,Oui,Hydro,,46.4746189873983,-80.81837312268169,,point,Natural Resources Canada,https://natural-resources.canada.ca/science-data/data-analysis/natural-resources-major-projects-planned-under-construction-2024-2034
fr,5066,Ontario Power Generation,Redevelopment of the Calabogie site,Ontario,Greater Madawaska,"137,00",100 - 250,En construction,Oui,Hydro,,45.303539991518605,-76.7107076610028,,point,Natural Resources Canada,https://natural-resources.canada.ca/science-data/data-analysis/natural-resources-major-projects-planned-under-construction-2024-2034
fr,8107,Ontario Power Generation,Sir Adam Beck Complex Refurbishment,Ontario,Niagara Falls,"1 000,00",1 000 - 2 500,Prévu,Oui,Hydro,,43.14910851148513,-79.04442323243475,,point,Natural Resources Canada,https://natural-resources.canada.ca/science-data/data-analysis/natural-resources-major-projects-planned-under-construction-2024-2034
fr,8115,Potentia Renewables Inc.,Skyview 2 Battery Energy Storage System,Ontario,Edwardsburgh-Cardinal,"750,00",750 - 1 000,Prévu,Oui,Stockage d'énergie,,44.14855878536593,-76.84013260635508,,point,Natural Resources Canada,https://natural-resources.canada.ca/science-data/data-analysis/natural-resources-major-projects-planned-under-construction-2024-2034
fr,8111,Tilbury Battery Storage Inc. ( Boralex Inc.),Tilbury Battery Storage,Ontario,Lakeshore,"172,00",100 - 250,En construction,Oui,Stockage d'énergie,,42.28000819610947,-82.43000421722917,,point,Natural Resources Canada,https://natural-resources.canada.ca/science-data/data-analysis/natural-resources-major-projects-planned-under-construction-2024-2034
fr,8124,Trailroad BESS Inc. Evolugen,Trail Road BESS,Ontario,Ottawa,"350,00",250 - 500,Prévu,Oui,Stockage d'énergie,,45.21372901650265,-75.75485233820912,,point,Natural Resources Canada,https://natural-resources.canada.ca/science-data/data-analysis/natural-resources-major-projects-planned-under-construction-2024-2034
fr,8112,Capital Power Corporation,York – Battery Energy Storage System,Ontario,King,"352,00",250 - 500,En construction,Oui,Stockage d'énergie,,44.08000865305886,-79.5300034689153,,point,Natural Resources Canada,https://natural-resources.canada.ca/science-data/data-analysis/natural-resources-major-projects-planned-under-construction-2024-2034
fr,5077,Greenfield Global,Agrandissement usine d'éthanol à Varennes,Québec,Varennes,"120,00",100 - 250,Prévu,Oui,Bioénergie,,45.68201108867333,-73.44098453886596,,point,Natural Resources Canada,https://natural-resources.canada.ca/science-data/data-analysis/natural-resources-major-projects-planned-under-construction-2024-2034
fr,2110,"Nation Innue, RES et Boralex",Apuiat Wind Farm,Québec,MRC de Sept-Rivières,"608,00",500 - 750,En construction,Oui,Éolienne,,50.21057015396229,-66.37465246018533,,point,Natural Resources Canada,https://natural-resources.canada.ca/science-data/data-analysis/natural-resources-major-projects-planned-under-construction-2024-2034
fr,1050,"Manouane Sipi, Société en commandite

",Centrale hydroélectrique Manouane Sipi (Dam B),Québec,La Tuque,"100,00",100 - 250,Prévu,Oui,Hydro,,47.38120946849655,-73.57270179046289,,point,Natural Resources Canada,https://natural-resources.canada.ca/science-data/data-analysis/natural-resources-major-projects-planned-under-construction-2024-2034
fr,3600,Fibre Pontiac,Fibre Pontiac (The Biomass Conversion Centre),Québec,Pontiac,"120,00",100 - 250,Prévu,Oui,Bioénergie,,45.54231605809882,-76.10905848348709,,point,Natural Resources Canada,https://natural-resources.canada.ca/science-data/data-analysis/natural-resources-major-projects-planned-under-construction-2024-2034
fr,6031,Diageo Canada Inc.,Implantation de mesures de réduction des émissions de GES et de conversion énergétique,Québec,Salaberry-de-Valleyfield,"94,00",50 - 100,Prévu,Non,N/A,,45.256783648130806,-74.12034437396946,,point,Natural Resources Canada,https://natural-resources.canada.ca/science-data/data-analysis/natural-resources-major-projects-planned-under-construction-2024-2034
fr,6101,Ville de Québec,Projet de valorisation de la vapeur de l'incinérateur pour le CHU de Québec - Université Laval,Québec,Ville de Québec,"43,80",10 - 50 ,Prévu,Oui,Autre,,46.83470946667822,-71.20330093275318,,point,Natural Resources Canada,https://natural-resources.canada.ca/science-data/data-analysis/natural-resources-major-projects-planned-under-construction-2024-2034
fr,0220,Hydro-Québec,Rénovation de groupes à la centrale électrique Beauharnois,Québec,Beauharnois,"1 600,00",1 000 - 2 500,En construction,Oui,Hydro,,45.32898811241681,-73.87550572317538,,point,Natural Resources Canada,https://natural-resources.canada.ca/science-data/data-analysis/natural-resources-major-projects-planned-under-construction-2024-2034
fr,7077,SAF + Consortium,SAF Consortium,Québec,Montreal,"200,00",100 - 250,Prévu,Oui,Bioénergie,,45.597554774103884,-73.60407836987785,,point,Natural Resources Canada,https://natural-resources.canada.ca/science-data/data-analysis/natural-resources-major-projects-planned-under-construction-2024-2034
fr,0703,StormFisher Hydrogen (formerly Recyclage Carbone Varennes),Usine de carburant à faible intensité carbone (inclut un électrolyseur),Québec,Varennes,"1 490,00",1 000 - 2 500,En construction,Oui,Multiple,,45.681224190687864,-73.43509360332713,,point,Natural Resources Canada,https://natural-resources.canada.ca/science-data/data-analysis/natural-resources-major-projects-planned-under-construction-2024-2034
fr,5076,Résolve Énergie,Usine de production d'éthanol cellulosique,Québec,Chaudière-Appalaches,"300,00",250 - 500,Prévu,Oui,Bioénergie,,46.48334082923308,-70.61666490630381,,point,Natural Resources Canada,https://natural-resources.canada.ca/science-data/data-analysis/natural-resources-major-projects-planned-under-construction-2024-2034
fr,7086,Énergir/WM Québec,WM Sainte-Sophie Landfill RNG Facility,Québec,Saint-Sophie,"200,00",100 - 250,Prévu,Oui,Bioénergie,,45.84605120020925,-73.94108478705101,,point,Natural Resources Canada,https://natural-resources.canada.ca/science-data/data-analysis/natural-resources-major-projects-planned-under-construction-2024-2034
fr,8319,Covenant Energy Ltd.,Covenant Energy  Renewable Diesel Facility,Saskatchewan,Lloydminster,"920,00",750 - 1 000,Prévu,Oui,Bioénergie,,53.29464695644856,-109.98372702277987,,point,Natural Resources Canada,https://natural-resources.canada.ca/science-data/data-analysis/natural-resources-major-projects-planned-under-construction-2024-2034
fr,4217,Cenovus Energy Inc.,Spruce Lake East Lloyd,Saskatchewan,Spruce Lake,"350,00",250 - 500,En construction,Non,N/A,,53.54445448051496,-109.0896328587503,,point,Natural Resources Canada,https://natural-resources.canada.ca/science-data/data-analysis/natural-resources-major-projects-planned-under-construction-2024-2034
fr,3645,Equinor Canada,Bay du Nord Offshore Oil Project,Terre-Neuve-et-Labrador,Offshore Newfoundland,"16 000,00",10 000 +,Prévu,Non,N/A,,47.900009903486,-46.69999236006142,,point,Natural Resources Canada,https://natural-resources.canada.ca/science-data/data-analysis/natural-resources-major-projects-planned-under-construction-2024-2034
fr,6029,LNG Newfoundland and Labrador,Grassy Point LNG,Terre-Neuve-et-Labrador,Grassy Point,"10 000,00",10 000 +,Prévu,Non,N/A,,47.752800932336214,-54.02714193437833,,point,Natural Resources Canada,https://natural-resources.canada.ca/science-data/data-analysis/natural-resources-major-projects-planned-under-construction-2024-2034
fr,0215,Husky Energy Inc.,White Rose Expansion,Terre-Neuve-et-Labrador,Offshore Newfoundland,"2 300,00",1 000 - 2 500,En construction,Non,N/A,,47.100054801869035,-48.713372081034386,,point,Natural Resources Canada,https://natural-resources.canada.ca/science-data/data-analysis/natural-resources-major-projects-planned-under-construction-2024-2034
fr,0697,"Husky Energy Inc., Suncor, Nalcor Energy",White Rose Expansion - White Rose West,Terre-Neuve-et-Labrador,Offshore Newfoundland,"3 800,00",2 500 - 5 000,En construction,Non,N/A,,46.471909691658915,-48.00539284949052,,point,Natural Resources Canada,https://natural-resources.canada.ca/science-data/data-analysis/natural-resources-major-projects-planned-under-construction-2024-2034
fr,6022,NTPC,Fort Providence and Kakisa Transmission Line,Territoires du Nord-Ouest,Highway 2/5 juction to Fort Providence,"60,00",50 - 100,Prévu,Non,N/A,,60.97746477996914,-117.22141212864338,,point,Natural Resources Canada,https://natural-resources.canada.ca/science-data/data-analysis/natural-resources-major-projects-planned-under-construction-2024-2034
fr,5002,Inuvialuit Petroleum Corporation,Inuvialuit Energy Security Project,Territoires du Nord-Ouest,17km south of Tuktoyaktuk,"160,00",100 - 250,En construction,Non,N/A,,69.29740414354742,-133.07633015431946,,point,Natural Resources Canada,https://natural-resources.canada.ca/science-data/data-analysis/natural-resources-major-projects-planned-under-construction-2024-2034
fr,3602,Enbridge Pipelines Inc.,Line 21 (Norman Wells Pipeline) Segment Replacement Project,Territoires du Nord-Ouest,Mackenzie River,"53,00",50 - 100,Prévu,Non,N/A,,61.83390622649547,-121.09072054181792,,point,Natural Resources Canada,https://natural-resources.canada.ca/science-data/data-analysis/natural-resources-major-projects-planned-under-construction-2024-2034
fr,1063,NTPC,Taltson Hydroelectricity Expansion Project (Phase 1),Territoires du Nord-Ouest,Multiple locations,"1 200,00",1 000 - 2 500,En construction,Oui,Hydro,,61.443080421813875,-112.71445927184739,,point,Natural Resources Canada,https://natural-resources.canada.ca/science-data/data-analysis/natural-resources-major-projects-planned-under-construction-2024-2034
fr,4219,Yukon Energy Corporation,Grid-Scale Battery Storage,Yukon,Whitehorse,"35,00",10 - 50 ,En construction,Oui,Stockage d'énergie,,60.77924202999076,-135.27313707668182,,point,Natural Resources Canada,https://natural-resources.canada.ca/science-data/data-analysis/natural-resources-major-projects-planned-under-construction-2024-2034
fr,9209,Yukon Energy Corporation,Mayo hydro faciltity upgrades,Yukon,Mayo,"200,00",100 - 250,Prévu,Oui,Hydro,,63.6329138445514,-135.92850429038748,,point,Natural Resources Canada,https://natural-resources.canada.ca/science-data/data-analysis/natural-resources-major-projects-planned-under-construction-2024-2034
fr,9210,Copper Niisüü LP (White River First Nation Corporation),Saa Sè Solar Beaver Creek,Yukon,Beaver Creek,"19,00",10 - 50 ,En construction,Oui,Solaire,,62.38390306188757,-140.89192369089943,,point,Natural Resources Canada,https://natural-resources.canada.ca/science-data/data-analysis/natural-resources-major-projects-planned-under-construction-2024-2034
fr,9211,"First Kaska, (Liard First Nation Economic Development Corporation)",Sādę Solar Watson Lake,Yukon,Watson Lake,"30,00",10 - 50 ,En construction,Oui,Solaire,,60.06400506802452,-128.701620786436,,point,Natural Resources Canada,https://natural-resources.canada.ca/science-data/data-analysis/natural-resources-major-projects-planned-under-construction-2024-2034
